image,mask_id,label,occluded,polygon_index,area,visible_fraction,match_score,rebuilt
target_acquarium,2,rock,1,16,114830,0.772153,1.0,False
target_acquarium,3,water,1,17,112758,0.866303,1.0,False
target_acquarium,4,sand,1,18,4823,0.907773,1.0,False
target_acquarium,5,rock,1,19,43940,0.833713,1.0,False
target_acquarium,6,rock,1,20,200207,0.827168,1.0,False
target_acquarium,7,coral,1,29,5113,0.977816,1.0,False
target_acquarium,8,surface,1,34,180810,0.914119,1.0,False
target_acquarium,10,coral,1,43,1001,0.809871,1.0,False
target_acquarium,11,coral,0,0,3016,0.998675,1.0,False
target_acquarium,12,coral,0,32,563,1.0,1.0,False
target_acquarium,13,coral,0,25,2102,1.0,1.0,False
target_acquarium,14,coral,0,26,2260,1.0,1.0,False
target_acquarium,15,surface,0,27,13066,1.0,1.0,False
target_acquarium,16,coral,0,28,5456,1.0,1.0,False
target_acquarium,17,coral,0,30,1939,1.0,1.0,False
target_acquarium,18,coral,0,31,3798,1.0,1.0,False
target_acquarium,19,surface,0,33,1519,1.0,1.0,False
target_acquarium,20,coral,0,1,4441,0.993068,1.0,False
target_acquarium,21,coral,0,36,967,1.0,1.0,False
target_acquarium,22,coral,0,37,1571,1.0,1.0,False
target_acquarium,23,surface,0,38,3399,1.0,1.0,False
target_acquarium,24,surface,0,39,22662,1.0,1.0,False
target_acquarium,25,fish,0,40,1837,1.0,1.0,False
target_acquarium,26,surface,0,41,261,1.0,1.0,False
target_acquarium,27,surface,0,24,568,1.0,1.0,False
target_acquarium,28,coral,0,23,3198,1.0,1.0,False
target_acquarium,29,fish,0,22,15338,1.0,1.0,False
target_acquarium,30,coral,0,21,2656,1.0,1.0,False
target_acquarium,31,coral,0,15,1044,1.0,1.0,False
target_acquarium,32,coral,0,13,429,1.0,1.0,False
target_acquarium,33,surface,0,12,1037,1.0,1.0,False
target_acquarium,34,surface,0,11,266,1.0,1.0,False
target_acquarium,35,surface,0,10,492,1.0,1.0,False
target_acquarium,36,surface,0,9,2407,1.0,1.0,False
target_acquarium,37,surface,0,8,1932,1.0,1.0,False
target_acquarium,38,coral,0,7,1247,1.0,1.0,False
target_acquarium,39,coral,0,6,1897,1.0,1.0,False
target_acquarium,40,sand,0,5,15062,1.0,1.0,False
target_acquarium,41,coral,0,4,550,1.0,1.0,False
target_acquarium,42,surface,0,3,1409,1.0,1.0,False
target_acquarium,43,sand,0,2,3568,1.0,1.0,False
target_acquarium,44,surface,0,42,968,1.0,1.0,False
target_airport,1,lamp,1,2,708,0.314527,1.0,False
target_airport,2,chairs,1,21,13029,0.764927,1.0,False
target_airport,3,lamp,1,23,153,1.0,1.0,False
target_airport,4,chairs,1,24,2612,0.874163,1.0,False
target_airport,5,chairs,1,25,9442,0.926504,1.0,False
target_airport,6,sign,0,1,1320,1.0,1.0,False
target_airport,7,sign,0,3,3283,0.904159,1.0,False
target_airport,8,chairs,0,28,17150,1.0,1.0,False
target_airport,9,chairs,0,27,51157,0.995079,1.0,False
target_airport,10,ceiling_light,0,26,245,1.0,1.0,False
target_airport,11,ceiling_light,0,22,447,1.0,1.0,False
target_airport,12,sign,0,18,306,1.0,1.0,False
target_airport,13,ceiling_light,0,17,469,1.0,1.0,False
target_airport,14,ceiling_light,0,16,186,1.0,1.0,False
target_airport,15,chairs,0,14,24857,1.0,1.0,False
target_airport,16,beam,0,13,4455,0.994642,1.0,False
target_airport,17,beam,0,12,2188,1.0,1.0,False
target_airport,18,chairs,0,11,17089,1.0,1.0,False
target_airport,19,ceiling_light,0,10,538,1.0,1.0,False
target_airport,20,bridge,0,8,15369,1.0,1.0,False
target_airport,21,beam,0,7,7722,0.999353,1.0,False
target_airport,22,sign,0,6,795,1.0,1.0,False
target_airport,23,counter,0,5,7804,0.995916,1.0,False
target_airport,24,ceiling_light,0,4,169,1.0,1.0,False
target_airport,25,beam,0,29,6669,1.0,1.0,False
target_alley,1,building,1,0,10275,0.821606,1.0,False
target_alley,2,building,1,1,188945,0.69435,1.0,False
target_alley,4,pavement,1,9,169064,0.719724,1.0,False
target_alley,6,trashbin,1,11,34,0.048711,1.0,False
target_alley,7,dumpster,1,15,10893,0.553956,1.0,False
target_alley,8,building,1,16,167509,0.66725,1.0,False
target_alley,9,dumpster,1,17,8605,0.876719,1.0,False
target_alley,10,air_conditioning,0,2,9906,0.999899,1.0,False
target_alley,11,bollard,0,4,350,1.0,1.0,False
target_alley,12,fire_escape,0,5,69321,1.0,1.0,False
target_alley,13,bollard,0,6,865,1.0,1.0,False
target_alley,14,dumpsters,0,7,7554,1.0,1.0,False
target_alley,15,balcony,0,8,67930,1.0,1.0,False
target_alley,16,bikes,0,12,53179,1.0,1.0,False
target_alley,17,bollard,0,13,1334,1.0,1.0,False
target_alley,18,bollard,0,18,1975,1.0,1.0,False
target_amusementpark,1,fence,1,0,9810,0.660873,1.0,False
target_amusementpark,2,fence,1,1,2507,0.213598,1.0,False
target_amusementpark,3,bush,1,2,3541,0.827723,1.0,False
target_amusementpark,4,bushes,1,4,87202,0.811529,1.0,False
target_amusementpark,6,tent,1,7,304,0.03593,1.0,False
target_amusementpark,7,carousel,1,8,37029,0.50701,1.0,False
target_amusementpark,8,building,1,9,22742,0.453091,1.0,False
target_amusementpark,9,ferris_wheel,1,11,178212,0.929446,1.0,False
target_amusementpark,10,swing,1,12,60647,0.944437,1.0,False
target_amusementpark,11,building,1,13,9663,0.999069,1.0,False
target_amusementpark,12,bush,1,16,7682,1.0,1.0,False
target_amusementpark,13,tent,1,17,9401,0.406442,1.0,False
target_amusementpark,14,girl,0,3,1082,1.0,1.0,False
target_amusementpark,15,flower,0,14,20156,1.0,1.0,False
target_amusementpark,16,tree,0,18,24615,1.0,1.0,False
target_amusementpark,17,fence,0,19,30729,1.0,1.0,False
target_arcade,1,ceiling_light,1,0,3414,0.77963,1.0,False
target_arcade,2,skeeball,1,3,6209,1.0,1.0,False
target_arcade,3,arcade_game,1,5,10849,0.853378,1.0,False
target_arcade,4,arcade_game,1,6,12702,0.344713,1.0,False
target_arcade,5,arcade_game,1,7,7682,1.0,1.0,False
target_arcade,6,arcade_game,1,8,11976,0.663527,1.0,False
target_arcade,7,arcade_game,1,15,17310,0.388021,1.0,False
target_arcade,8,coin_machine,1,18,9634,0.656088,1.0,False
target_arcade,9,arcade_game,0,4,13316,0.974104,1.0,False
target_arcade,10,ceiling_light,0,11,810,1.0,1.0,False
target_arcade,11,arcade_game,0,13,79428,1.0,1.0,False
target_arcade,12,ceiling_light,0,14,4516,1.0,1.0,False
target_arcade,13,ceiling_light,0,16,4017,1.0,1.0,False
target_arcade,14,ceiling_light,0,17,4756,1.0,1.0,False
target_arcade,15,arcade_game,0,19,15735,1.0,1.0,False
target_arcade,16,ceiling_light,0,20,3526,1.0,1.0,False
target_arcade,17,arcade_game,0,21,14248,0.389077,1.0,False
target_arcade,18,carousel,0,22,132238,1.0,1.0,False
target_artstudio,1,desk,1,0,1921,0.046696,1.0,False
target_artstudio,2,stereo,1,34,6161,0.831893,1.0,False
target_artstudio,3,paintings,1,32,36114,0.937223,1.0,False
target_artstudio,4,window,1,30,7299,0.421713,1.0,False
target_artstudio,5,cabinet,1,29,52494,0.555886,1.0,False
target_artstudio,6,painting,1,28,7625,0.890563,1.0,False
target_artstudio,7,supplies,1,27,3706,0.887877,1.0,False
target_artstudio,8,window,1,26,15424,0.935128,1.0,False
target_artstudio,9,easel,1,21,31090,0.81067,1.0,False
target_artstudio,10,painting,1,19,6083,0.947803,1.0,False
target_artstudio,11,table,1,14,8610,0.141554,1.0,False
target_artstudio,12,painting,1,11,14962,0.720678,1.0,False
target_artstudio,13,table,1,35,24623,0.640974,1.0,False
target_artstudio,14,paintings,0,1,36164,1.0,1.0,False
target_artstudio,15,paintings,0,2,10129,1.0,1.0,False
target_artstudio,16,clock,0,36,1685,1.0,1.0,False
target_artstudio,17,supplies,0,33,51356,1.0,1.0,False
target_artstudio,18,blinds,0,31,11944,1.0,1.0,False
target_artstudio,19,painting,0,24,5818,1.0,1.0,False
target_artstudio,20,supplies,0,22,5100,0.990868,1.0,False
target_artstudio,21,door,0,20,109633,1.0,1.0,False
target_artstudio,22,brushes,0,18,8927,1.0,1.0,False
target_artstudio,23,paper,0,17,1282,0.732571,1.0,False
target_artstudio,24,paintings,0,16,11775,1.0,1.0,False
target_artstudio,25,supplies,0,12,7144,1.0,1.0,False
target_artstudio,26,lamp,0,10,1964,1.0,1.0,False
target_artstudio,27,supplies,0,8,4346,1.0,1.0,False
target_artstudio,28,paper,0,7,3658,1.0,1.0,False
target_artstudio,29,lamp,0,6,4152,0.936823,1.0,False
target_artstudio,30,stool,0,5,17504,1.0,1.0,False
target_artstudio,31,supplies,0,4,6311,1.0,1.0,False
target_artstudio,32,supplies,0,3,5910,1.0,1.0,False
target_artstudio,33,ceiling_light,0,37,2461,1.0,1.0,False
target_atticRoom,1,television_stand,1,2,27471,0.974771,1.0,False
target_atticRoom,2,chair,1,16,4369,0.389985,1.0,False
target_atticRoom,3,sofa,1,25,2676,0.658627,1.0,False
target_atticRoom,4,sofa,1,24,2049,0.407842,1.0,False
target_atticRoom,5,fan,1,20,1745,0.928191,1.0,False
target_atticRoom,6,drawer,1,19,1298,0.100808,1.0,False
target_atticRoom,7,table,1,18,5845,0.845508,1.0,False
target_atticRoom,8,mirror,1,4,5425,0.99651,1.0,False
target_atticRoom,9,drawer,1,12,4721,0.640222,1.0,False
target_atticRoom,10,bed,1,11,5804,0.604269,1.0,False
target_atticRoom,11,bed,1,6,41504,0.786597,1.0,False
target_atticRoom,12,trunk,1,5,4498,0.840276,1.0,False
target_atticRoom,13,lamp,1,26,1385,1.0,1.0,False
target_atticRoom,14,lamp,0,0,702,1.0,1.0,False
target_atticRoom,15,chair,0,1,14512,0.975138,1.0,False
target_atticRoom,16,beam,0,3,25083,0.99595,1.0,False
target_atticRoom,17,sofa,0,8,71841,1.0,1.0,False
target_atticRoom,18,chair,0,9,21991,1.0,1.0,False
target_atticRoom,19,beam,0,14,26385,1.0,1.0,False
target_atticRoom,20,lamp,0,15,2137,1.0,1.0,False
target_atticRoom,21,television,0,17,17351,1.0,1.0,False
target_atticRoom,22,trunk,0,21,2920,1.0,1.0,False
target_atticRoom,23,beam,0,22,40367,1.0,1.0,False
target_atticRoom,24,ceiling_light,0,27,653,1.0,1.0,False
target_AtticStorage,1,bin,1,0,1055,0.045842,1.0,False
target_AtticStorage,2,bin,1,17,1913,0.097077,1.0,False
target_AtticStorage,3,basket,1,30,5088,0.2269,1.0,False
target_AtticStorage,4,bin,1,29,28136,0.664886,1.0,False
target_AtticStorage,5,bin,1,28,13261,0.299528,1.0,False
target_AtticStorage,6,bin,1,27,3989,0.083836,1.0,False
target_AtticStorage,7,bin,1,26,21497,0.882544,1.0,False
target_AtticStorage,8,rack,1,22,30762,0.550462,1.0,False
target_AtticStorage,9,bin,1,21,3540,0.12868,1.0,False
target_AtticStorage,10,bin,1,20,9856,0.381188,1.0,False
target_AtticStorage,11,bin,1,19,9627,0.566727,1.0,False
target_AtticStorage,12,suitcases,1,18,20636,0.997776,1.0,False
target_AtticStorage,13,bin,1,1,562,0.065769,1.0,False
target_AtticStorage,14,suitcase,1,15,10945,0.736839,1.0,False
target_AtticStorage,15,bin,1,13,18332,0.476131,1.0,False
target_AtticStorage,16,bin,1,12,34112,0.643198,1.0,False
target_AtticStorage,17,bin,1,11,24828,1.0,1.0,False
target_AtticStorage,18,bin,1,9,20817,0.764039,1.0,False
target_AtticStorage,19,suitcase,1,7,14001,1.0,1.0,False
target_AtticStorage,20,bin,1,6,38930,0.93647,1.0,False
target_AtticStorage,21,bin,1,5,12579,0.808471,1.0,False
target_AtticStorage,22,bin,1,4,11014,0.648035,1.0,False
target_AtticStorage,23,bin,1,3,15970,0.864739,1.0,False
target_AtticStorage,24,bin,1,31,16820,0.985701,1.0,False
target_AtticStorage,25,bin,0,2,14225,1.0,1.0,False
target_AtticStorage,26,bin,0,10,10238,1.0,1.0,False
target_AtticStorage,27,window,0,14,23485,1.0,1.0,False
target_AtticStorage,28,bin,0,23,9282,1.0,1.0,False
target_AtticStorage,29,bin,0,24,2503,1.0,1.0,False
target_backyard,5,tree,1,19,72595,0.512575,1.0,False
target_backyard,6,house,1,18,171410,0.748878,1.0,False
target_backyard,7,fence,1,17,40342,0.739949,1.0,False
target_backyard,8,pavement,1,15,114969,0.344502,1.0,False
target_backyard,9,chair,1,13,7009,0.565744,1.0,False
target_backyard,10,chair,1,4,26571,0.704726,1.0,False
target_backyard,11,plant,1,12,10494,0.857984,1.0,False
target_backyard,12,rock,1,11,46120,0.864982,1.0,False
target_backyard,13,chair,1,10,8799,1.0,1.0,False
target_backyard,14,chair,1,9,29624,1.0,1.0,False
target_backyard,15,fountain,1,8,9166,0.98411,1.0,False
target_backyard,16,table,1,5,9871,0.789049,1.0,False
target_backyard,17,awning,1,22,36307,0.963843,1.0,False
target_backyard,18,plant,0,0,40514,1.0,1.0,False
target_backyard,19,hammock,0,1,67574,0.999763,1.0,False
target_backyard,20,plant,0,2,80206,1.0,1.0,False
target_backyard,21,firepit,0,6,6660,1.0,1.0,False
target_backyard,22,plant,0,7,2838,1.0,1.0,False
target_backyard,23,plant,0,16,5363,1.0,1.0,False
target_bakery,1,ingredients,1,2,3084,0.65256,1.0,False
target_bakery,2,sign,1,3,13647,0.954336,1.0,False
target_bakery,3,ceiling_light,1,7,4623,1.0,1.0,False
target_bakery,4,bread,1,12,63447,0.783132,1.0,False
target_bakery,5,toaster,1,15,348,0.177551,1.0,False
target_bakery,6,ceiling_light,1,17,3129,1.0,1.0,False
target_bakery,7,sign,0,0,13241,1.0,1.0,False
target_bakery,8,ingredients,0,1,5507,1.0,1.0,False
target_bakery,9,counter,0,4,257806,0.730387,1.0,False
target_bakery,10,cake,0,5,2533,1.0,1.0,False
target_bakery,11,toaster,0,8,19273,1.0,1.0,False
target_bakery,12,ceiling_light,0,11,6390,1.0,1.0,False
target_bakery,13,ceiling_light,0,13,7378,1.0,1.0,False
target_bakery,14,cake,0,16,1589,1.0,1.0,False
target_bakery,15,toaster,0,18,2998,1.0,1.0,False
target_bakery,16,cake,0,19,1534,1.0,1.0,False
target_bakery,17,cake,0,20,2545,1.0,1.0,False
target_bakery,18,pastries,0,21,69019,1.0,1.0,False
target_bakery,19,pastries,0,22,6390,1.0,1.0,False
target_bakery,20,cake,0,23,2895,1.0,1.0,False
target_bar,1,bar,1,7,116490,0.407523,1.0,False
target_bar,2,chairs,1,8,15667,0.586559,1.0,False
target_bar,3,fridge,1,11,77792,1.0,1.0,False
target_bar,4,chairs,1,17,50207,0.805374,1.0,False
target_bar,5,sign,1,21,201115,0.91709,1.0,False
target_bar,6,light,0,0,1092,1.0,1.0,False
target_bar,7,chairs,0,2,100442,1.0,1.0,False
target_bar,8,drinks,0,3,21992,1.0,1.0,False
target_bar,9,television,0,4,5267,1.0,1.0,False
target_bar,10,drink,0,5,9361,0.986303,1.0,False
target_bar,11,shirt,0,6,3173,1.0,1.0,False
target_bar,12,shirt,0,9,6968,1.0,1.0,False
target_bar,13,shirt,0,10,5041,1.0,1.0,False
target_bar,14,shirt,0,12,3166,1.0,1.0,False
target_bar,15,straws,0,13,1080,1.0,1.0,False
target_bar,16,straws,0,14,3055,1.0,1.0,False
target_bar,17,straws,0,15,1232,1.0,1.0,False
target_bar,18,straws,0,16,5366,1.0,1.0,False
target_bar,19,hat,0,19,1785,1.0,1.0,False
target_barn,1,mountain,1,2,34153,0.531035,1.0,False
target_barn,2,barn,1,4,129020,0.952416,1.0,False
target_barn,3,vineyard,0,1,245697,1.0,1.0,False
target_barn,4,tree,0,3,1748,1.0,1.0,False
target_bathroom,1,shelf,1,0,33888,0.973625,1.0,False
target_bathroom,2,shelf,1,4,2271,0.676295,1.0,False
target_bathroom,3,counter,1,5,172414,0.826426,1.0,False
target_bathroom,4,window,1,9,59669,0.756539,1.0,False
target_bathroom,5,towel,1,18,2394,0.992126,1.0,False
target_bathroom,6,toiletry,1,19,2956,0.617248,1.0,False
target_bathroom,7,sink,1,24,2017,0.960019,1.0,False
target_bathroom,8,mirror,1,25,22175,0.811231,1.0,False
target_bathroom,9,lamp,0,1,7353,1.0,1.0,False
target_bathroom,10,towel,0,2,19709,0.999392,1.0,False
target_bathroom,11,curtain,0,3,16248,1.0,1.0,False
target_bathroom,12,lamp,0,6,1047,1.0,1.0,False
target_bathroom,13,toiletry,0,7,1371,1.0,1.0,False
target_bathroom,14,toiletry,0,8,13478,1.0,1.0,False
target_bathroom,15,basket,0,11,21088,0.995938,1.0,False
target_bathroom,16,mirror,0,12,66001,0.999939,1.0,False
target_bathroom,17,lamp,0,14,2419,1.0,1.0,False
target_bathroom,18,cabinet,0,15,23624,1.0,1.0,False
target_bathroom,19,sink,0,20,12119,0.992872,0.992872,False
target_bathroom,20,iron,0,22,701,1.0,1.0,False
target_bathroom,21,plant,0,23,17284,1.0,1.0,False
target_beach,1,ocean,1,2,44905,0.372242,1.0,False
target_beach,2,tree,1,4,3500,0.618265,1.0,False
target_beach,3,tree,1,6,18795,0.687128,1.0,False
target_beach,4,building,1,9,3951,0.476483,1.0,False
target_beach,5,people,1,11,4682,0.480304,1.0,False
target_beach,6,tree,1,12,19239,0.840902,1.0,False
target_beach,7,building,1,15,14061,0.660917,1.0,False
target_beach,8,boardwalk,1,16,31427,0.951699,1.0,False
target_beach,9,plant,1,17,106613,0.831751,1.0,False
target_beach,10,building,0,0,15306,0.989783,1.0,False
target_beach,12,building,0,5,31382,0.999395,1.0,False
target_beach,13,flag,0,8,378,1.0,1.0,False
target_beach,14,tree,0,13,17158,0.93857,1.0,False
target_beach,16,flag,0,18,312,1.0,1.0,False
target_beach,17,sand,0,19,30383,0.944892,1.0,False
target_beach,18,tree,0,21,14903,0.906784,1.0,False
target_beach,19,sand,0,22,65822,1.0,1.0,False
target_beach,20,railroad,0,23,55226,1.0,1.0,False
target_bedroom,1,table,1,0,3357,0.219958,1.0,False
target_bedroom,2,bed,1,1,70474,0.639858,1.0,False
target_bedroom,3,plant,1,24,14403,0.449307,1.0,False
target_bedroom,4,chair,1,22,4623,0.689177,1.0,False
target_bedroom,5,chair,1,21,14606,0.704855,1.0,False
target_bedroom,6,curtain,1,18,7709,1.0,1.0,False
target_bedroom,7,rug,1,14,26027,0.530698,1.0,False
target_bedroom,8,window,1,11,22130,1.0,1.0,False
target_bedroom,9,window,1,10,28403,0.711534,1.0,False
target_bedroom,10,rug,1,6,75221,0.965759,1.0,False
target_bedroom,11,lamp,1,3,4779,1.0,1.0,False
target_bedroom,12,mirror,1,25,1966,1.0,1.0,False
target_bedroom,13,painting,0,4,7916,1.0,1.0,False
target_bedroom,14,lamp,0,5,3159,1.0,1.0,False
target_bedroom,15,nightstand,0,7,7274,1.0,1.0,False
target_bedroom,16,chandelier,0,12,12309,1.0,1.0,False
target_bedroom,17,candle,0,13,8461,1.0,1.0,False
target_bedroom,18,chair,0,15,23016,1.0,1.0,False
target_bedroom,19,curtain,0,16,3942,1.0,1.0,False
target_bedroom,20,fireplace,0,17,28883,1.0,1.0,False
target_boating_IDS01,2,ocean,1,4,23302,0.224775,1.0,False
target_boating_IDS01,3,boat,1,5,8390,0.259055,1.0,False
target_boating_IDS01,4,boat,1,6,7172,0.105885,1.0,False
target_boating_IDS01,5,dock,1,8,141439,0.708946,1.0,False
target_boating_IDS01,6,ocean,1,11,21036,0.389953,1.0,False
target_boating_IDS01,7,rope,1,12,1715,0.905969,1.0,False
target_boating_IDS01,9,boat,1,14,30436,0.377515,1.0,False
target_boating_IDS01,10,boats,1,15,73044,0.550084,1.0,False
target_boating_IDS01,11,boat,1,19,223160,0.958356,1.0,False
target_boating_IDS01,12,sign,0,1,2470,1.0,1.0,False
target_boating_IDS01,13,flag,0,2,299,1.0,1.0,False
target_boating_IDS01,14,sign,0,3,13280,1.0,1.0,False
target_boating_IDS01,15,trashcan,0,7,14816,1.0,1.0,False
target_boating_IDS01,16,sign,0,9,706,1.0,1.0,False
target_boating_IDS01,17,rope,0,16,3965,0.998741,1.0,False
target_boating_IDS01,18,chairs,0,17,21109,1.0,1.0,False
target_boating_IDS01,19,dock,0,18,39334,1.0,1.0,False
target_bridge,1,cloud,1,0,118967,0.637104,1.0,False
target_bridge,2,water,0,1,181408,0.992912,1.0,False
target_bridge,3,cloud,0,2,75883,0.994001,1.0,False
target_bridge,4,cloud,0,3,38514,1.0,1.0,False
target_bridge,5,city,0,4,37903,0.819294,1.0,False
target_bridge,6,bridge,0,6,183220,1.0,1.0,False
target_buffet,1,counter,1,19,261337,0.413149,1.0,False
target_buffet,2,food,1,1,5153,0.85357,1.0,False
target_buffet,3,food,1,2,3468,0.76354,1.0,False
target_buffet,4,food,1,3,15576,0.755713,1.0,False
target_buffet,5,food,1,11,2486,0.979511,1.0,False
target_buffet,6,food,1,17,4540,0.944063,1.0,False
target_buffet,7,person,1,21,4596,0.978914,1.0,False
target_buffet,8,person,1,22,5651,0.88063,1.0,False
target_buffet,9,bag,1,24,29697,0.998319,1.0,False
target_buffet,10,food,0,0,68470,0.958561,1.0,False
target_buffet,11,food,0,4,34918,0.999885,1.0,False
target_buffet,12,bag,0,6,41285,1.0,1.0,False
target_buffet,13,food,0,7,42147,0.993588,1.0,False
target_buffet,15,food,0,9,16521,1.0,1.0,False
target_buffet,16,food,0,10,8451,1.0,1.0,False
target_buffet,17,food,0,12,5932,1.0,1.0,False
target_buffet,18,food,0,13,49022,0.997315,1.0,False
target_buffet,19,food,0,14,9523,1.0,1.0,False
target_buffet,20,food,0,16,14474,1.0,1.0,False
target_buffet,21,bag,0,18,16338,1.0,1.0,False
target_buffet,22,sign,0,20,7770,1.0,1.0,False
target_buffet,23,food,0,23,30369,1.0,1.0,False
target_building_IDS01,1,buildings,1,11,419501,0.89343,1.0,False
target_building_IDS01,2,plant,1,0,6548,0.987185,1.0,False
target_building_IDS01,3,street,1,7,150223,0.575386,1.0,False
target_building_IDS01,4,plant,1,10,53,0.010658,1.0,False
target_building_IDS01,5,plant,1,14,629,0.651139,1.0,False
target_building_IDS01,6,plant,1,15,1353,0.975487,1.0,False
target_building_IDS01,7,bus,1,16,14533,0.739442,1.0,False
target_building_IDS01,8,bus_stop,1,17,9219,0.792964,1.0,False
target_building_IDS01,9,cone,0,1,316,1.0,1.0,False
target_building_IDS01,10,moped,0,2,3763,1.0,1.0,False
target_building_IDS01,11,clock,0,3,723,1.0,1.0,False
target_building_IDS01,12,sign,0,4,2449,1.0,1.0,False
target_building_IDS01,13,cars,0,5,48882,0.998999,1.0,False
target_building_IDS01,14,flag,0,8,366,1.0,1.0,False
target_building_IDS01,15,flag,0,9,426,1.0,1.0,False
target_building_IDS01,16,cars,0,12,87174,1.0,1.0,False
target_building_IDS01,17,plant,0,13,1553,1.0,1.0,False
target_busstop,1,tree,1,0,258,0.005883,1.0,False
target_busstop,2,building,1,6,28875,0.272383,1.0,False
target_busstop,4,sidewalk,1,9,136477,0.81064,1.0,False
target_busstop,5,busstop,0,1,334505,1.0,1.0,False
target_busstop,6,tree,0,2,9142,0.999891,0.999891,False
target_busstop,7,manhole,0,7,2779,1.0,1.0,False
target_campsite,1,cloud,1,13,1355,1.0,1.0,True
target_campsite,2,cloud,1,14,5571,0.624762,1.0,True
target_campsite,3,hill,1,23,31171,0.541191,1.0,True
target_campsite,4,hill,1,5,68523,0.767558,1.0,True
target_campsite,5,hill,1,7,28230,0.589341,1.0,True
target_campsite,6,tree,1,8,9197,0.815409,1.0,True
target_campsite,7,tree,1,16,4477,0.691002,1.0,True
target_campsite,8,tree,1,19,9372,0.850994,1.0,True
target_campsite,9,tent,1,24,187,0.080396,1.0,True
target_campsite,10,lake,1,15,27171,0.431395,1.0,True
target_campsite,11,tent,1,22,3493,0.689907,1.0,True
target_campsite,12,tent,1,11,5276,0.74268,1.0,True
target_campsite,13,cloud,0,2,5005,1.0,1.0,True
target_campsite,14,cloud,0,18,6634,1.0,1.0,True
target_campsite,15,cloud,0,12,4909,1.0,1.0,True
target_campsite,16,cloud,0,20,27366,1.0,1.0,True
target_campsite,17,cloud,0,4,6415,1.0,1.0,True
target_campsite,18,tree,0,1,5687,0.747699,1.0,True
target_campsite,19,tent,0,17,14718,1.0,1.0,True
target_campsite,20,trailer,0,9,9737,1.0,1.0,True
target_campsite,21,tent,0,10,9727,1.0,1.0,True
target_campsite,22,van,0,25,27398,1.0,1.0,True
target_canal,1,dock,1,15,191717,0.906673,1.0,True
target_canal,2,building,0,18,8500,1.0,1.0,True
target_canal,3,flag,0,7,398,0.992519,1.0,True
target_canal,4,lightpole,0,2,1122,0.838565,1.0,True
target_canal,5,boat,0,17,539,1.0,1.0,True
target_canal,6,boat,0,8,4568,1.0,1.0,True
target_canal,7,building,0,16,5993,0.992054,1.0,True
target_canal,8,building,0,3,2595,1.0,1.0,True
target_canal,9,lightpole,0,1,2499,1.0,1.0,True
target_canal,10,lightpole,0,4,1494,1.0,1.0,True
target_canal,11,lightpole,0,14,2272,0.971355,1.0,True
target_canal,12,lighthouse,0,5,5816,1.0,1.0,True
target_canal,13,lightpole,0,13,3531,1.0,1.0,True
target_canal,14,lightpole,0,10,3783,1.0,1.0,True
target_canyon,1,cloud,1,10,18548,0.932154,1.0,True
target_canyon,2,rocks,1,3,102614,0.228082,1.0,True
target_canyon,3,rocks,1,11,265403,0.79737,1.0,True
target_canyon,4,rocks,1,1,193123,0.911048,1.0,True
target_canyon,5,river,1,7,13442,0.819584,1.0,True
target_canyon,6,plant,0,2,2209,1.0,1.0,True
target_canyon,7,plant,0,9,988,1.0,1.0,True
target_canyon,8,cloud,0,13,5498,1.0,1.0,True
target_canyon,9,cloud,0,12,7937,1.0,1.0,True
target_canyon,10,plant,0,5,12444,1.0,1.0,True
target_canyon,11,plant,0,4,6051,1.0,1.0,True
target_canyon,12,rock,0,0,35657,1.0,1.0,True
target_canyon,13,rock,0,8,34519,1.0,1.0,True
target_casino,1,slot_machines,1,3,6087,0.66949,1.0,True
target_casino,2,sign,1,25,1540,0.603448,1.0,True
target_casino,3,slot_machines,1,14,5600,0.79704,1.0,True
target_casino,4,slot_machines,1,6,11301,0.988022,1.0,True
target_casino,5,slot_machines,1,4,8821,0.500539,1.0,True
target_casino,6,podium,1,16,8911,0.431546,1.0,True
target_casino,7,sign,1,7,4824,0.9969,1.0,True
target_casino,8,table,1,26,28206,0.83152,1.0,True
target_casino,9,tables,1,8,32303,0.669839,1.0,True
target_casino,10,table,1,22,30811,0.949843,1.0,True
target_casino,11,table,1,23,122625,0.909924,1.0,True
target_casino,12,ceiling_light,0,17,49741,1.0,1.0,True
target_casino,13,sign,0,18,1556,1.0,1.0,True
target_casino,14,sign,0,2,3587,1.0,1.0,True
target_casino,15,pillar,0,11,2880,1.0,1.0,True
target_casino,16,slot_machines,0,15,29830,0.977456,1.0,True
target_casino,17,screen,0,20,2659,1.0,1.0,True
target_casino,18,sign,0,12,2183,1.0,1.0,True
target_casino,19,sign,0,24,471,1.0,1.0,True
target_casino,20,slot_machine,0,9,5637,1.0,1.0,True
target_casino,21,pillar,0,1,12249,1.0,1.0,True
target_casino,22,pillar,0,13,29797,1.0,1.0,True
target_casino,23,chips,0,5,12139,1.0,1.0,True
target_castle,1,cloud,1,4,83711,0.788618,1.0,True
target_castle,2,castle,1,7,143320,0.929394,1.0,True
target_castle,3,hill,0,2,36002,1.0,1.0,True
target_castle,4,buildings,0,11,9740,1.0,1.0,True
target_castle,5,building,0,5,801,1.0,1.0,True
target_castle,6,tree,0,3,1877,1.0,1.0,True
target_cemetery,1,tombstone,1,22,2251,0.981683,1.0,True
target_cemetery,2,tree,1,4,55807,0.575906,1.0,True
target_cemetery,3,tree,1,18,6169,0.341432,1.0,True
target_cemetery,4,tree,1,33,62602,0.417558,1.0,True
target_cemetery,5,tombstone,1,25,2235,0.872025,1.0,True
target_cemetery,6,tombstone,1,3,2116,0.782544,1.0,True
target_cemetery,7,tombstone,1,17,2629,0.634258,1.0,True
target_cemetery,8,tombstone,1,8,2206,0.81977,1.0,True
target_cemetery,9,tombstone,1,35,2716,0.856782,1.0,True
target_cemetery,10,tombstone,1,13,3549,0.929058,1.0,True
target_cemetery,11,tombstone,1,20,5846,0.829926,1.0,True
target_cemetery,12,tombstone,1,38,3290,0.942693,1.0,True
target_cemetery,13,tombstone,1,1,1890,0.484243,1.0,True
target_cemetery,14,tombstone,1,27,4335,0.935477,1.0,True
target_cemetery,15,tombstone,1,30,2027,0.777224,1.0,True
target_cemetery,16,tombstone,1,11,1971,0.671322,1.0,True
target_cemetery,17,tombstone,1,34,6730,0.619192,1.0,True
target_cemetery,18,tombstone,1,10,2067,0.738478,1.0,True
target_cemetery,19,tombstone,1,32,3094,0.652192,1.0,True
target_cemetery,20,tombstone,1,9,3494,0.964128,1.0,True
target_cemetery,21,tombstone,1,16,7830,0.704707,1.0,True
target_cemetery,22,tombstone,1,15,7989,0.718048,1.0,True
target_cemetery,23,tombstone,0,40,1663,1.0,1.0,True
target_cemetery,24,tombstone,0,7,2937,1.0,1.0,True
target_cemetery,25,tree,0,19,18527,0.603328,1.0,True
target_cemetery,26,tree,0,5,88127,1.0,1.0,True
target_cemetery,27,tree,0,24,32265,1.0,1.0,True
target_cemetery,28,tombstone,0,29,2331,1.0,1.0,True
target_cemetery,29,tombstone,0,21,4835,1.0,1.0,True
target_cemetery,30,tombstone,0,26,6685,1.0,1.0,True
target_cemetery,31,tombstone,0,0,8930,1.0,1.0,True
target_cemetery,32,tree,0,14,37464,1.0,1.0,True
target_cemetery,33,tombstone,0,12,1385,1.0,1.0,True
target_cemetery,34,tombstone,0,6,6674,1.0,1.0,True
target_cemetery,35,tombstone,0,28,7225,1.0,1.0,True
target_cemetery,36,tombstone,0,31,11044,1.0,1.0,True
target_cemetery,37,tombstone,0,37,50050,1.0,1.0,True
target_cemetery,38,tombstone,0,2,17586,1.0,1.0,True
target_cemetery,39,tombstone,0,23,14063,1.0,1.0,True
target_cemetery,40,tombstone,0,39,4683,1.0,1.0,True
target_church,1,window,1,16,18639,0.887783,1.0,True
target_church,2,sign,1,20,163,0.074497,1.0,True
target_church,3,pillar,1,28,4418,0.887505,1.0,True
target_church,4,pillar,1,12,3969,0.367262,1.0,True
target_church,5,pillar,1,13,6162,0.616693,1.0,True
target_church,6,poster,1,23,4539,0.871209,1.0,True
target_church,7,pillar,1,0,13146,0.61341,1.0,True
target_church,8,pillar,1,4,12058,0.602508,1.0,True
target_church,9,organ,0,5,9606,1.0,1.0,True
target_church,10,sign,0,24,160,0.076299,1.0,True
target_church,11,drawing,0,21,3983,1.0,1.0,True
target_church,12,pillar,0,29,4528,0.718388,1.0,True
target_church,13,window,0,19,3483,1.0,1.0,True
target_church,14,drawings,0,18,4629,1.0,1.0,True
target_church,15,drawings,0,26,1681,1.0,1.0,True
target_church,16,drawings,0,27,3683,1.0,1.0,True
target_church,17,chairs,0,10,61684,1.0,1.0,True
target_church,18,chairs,0,11,56973,1.0,1.0,True
target_city,1,building,1,26,1102,0.148538,1.0,True
target_city,2,building,1,21,19905,0.928751,1.0,True
target_city,3,building,1,15,3940,0.480429,1.0,True
target_city,4,building,1,8,6430,0.625486,1.0,True
target_city,5,building,1,25,6271,0.502403,1.0,True
target_city,6,building,1,27,3790,0.373068,1.0,True
target_city,7,building,1,9,5092,0.572521,1.0,True
target_city,8,building,1,0,32260,0.877847,1.0,True
target_city,9,building,1,4,5314,0.284323,1.0,True
target_city,10,building,1,22,1398,0.369841,1.0,True
target_city,11,building,1,14,9703,0.822776,1.0,True
target_city,12,building,1,2,1265,0.146412,1.0,True
target_city,13,building,1,20,10119,1.0,1.0,True
target_city,14,building,1,16,1918,0.171434,1.0,True
target_city,15,street,1,7,117064,0.456369,1.0,True
target_city,16,street,1,10,39494,0.919213,1.0,True
target_city,17,building,0,12,25888,0.937326,1.0,True
target_city,18,building,0,5,5178,1.0,1.0,True
target_city,19,building,0,17,4928,1.0,1.0,True
target_city,20,building,0,24,30421,1.0,1.0,True
target_city,21,billboard,0,19,553,1.0,1.0,True
target_city,22,building,0,1,14975,1.0,1.0,True
target_city,23,building,0,11,36487,1.0,1.0,True
target_city,24,building,0,6,11658,1.0,1.0,True
target_city,25,building,0,23,5913,1.0,1.0,True
target_city,26,building,0,18,26247,0.997151,1.0,True
target_city,27,parking_lot,0,13,48795,1.0,1.0,True
target_classroom,1,window,1,70,91129,0.897955,1.0,True
target_classroom,2,supplies,1,63,380,0.490956,1.0,True
target_classroom,3,supplies,1,33,3939,1.0,1.0,True
target_classroom,4,supplies,1,69,454,0.86148,1.0,True
target_classroom,5,cabinet,1,46,28141,0.854285,1.0,True
target_classroom,6,supplies,1,16,1991,1.0,1.0,True
target_classroom,7,window,1,73,65446,0.929076,1.0,True
target_classroom,8,drawing,1,48,827,0.837893,1.0,True
target_classroom,9,table,1,44,12566,0.500737,1.0,True
target_classroom,10,table,1,58,21260,0.55072,1.0,True
target_classroom,11,cabinet,1,9,41227,0.841677,1.0,True
target_classroom,12,flower,0,30,417,1.0,1.0,True
target_classroom,13,flower,0,32,293,0.979933,1.0,True
target_classroom,14,flower,0,35,521,1.0,1.0,True
target_classroom,15,flower,0,24,382,1.0,1.0,True
target_classroom,16,flower,0,52,762,1.0,1.0,True
target_classroom,17,drawing,0,57,855,1.0,1.0,True
target_classroom,18,drawing,0,34,1261,1.0,1.0,True
target_classroom,19,flower,0,25,212,1.0,1.0,True
target_classroom,20,drawing,0,15,5284,1.0,1.0,True
target_classroom,21,drawing,0,7,868,1.0,1.0,True
target_classroom,22,drawing,0,62,245,1.0,1.0,True
target_classroom,23,drawing,0,71,251,1.0,1.0,True
target_classroom,24,drawing,0,0,873,1.0,1.0,True
target_classroom,25,numbers,0,28,1967,1.0,1.0,True
target_classroom,26,drawing,0,68,898,1.0,1.0,True
target_classroom,27,drawing,0,72,809,1.0,1.0,True
target_classroom,28,drawing,0,3,963,1.0,1.0,True
target_classroom,29,fence,0,39,32325,0.806935,1.0,True
target_classroom,30,drawing,0,26,834,0.998802,1.0,True
target_classroom,31,drawing,0,18,302,1.0,1.0,True
target_classroom,32,drawing,0,6,985,1.0,1.0,True
target_classroom,33,drawing,0,67,430,1.0,1.0,True
target_classroom,34,drawing,0,66,977,1.0,1.0,True
target_classroom,35,drawing,0,19,1180,1.0,1.0,True
target_classroom,36,drawing,0,45,807,1.0,1.0,True
target_classroom,37,drawing,0,38,910,1.0,1.0,True
target_classroom,38,drawing,0,51,1469,1.0,1.0,True
target_classroom,39,drawing,0,1,285,1.0,1.0,True
target_classroom,40,drawing,0,2,365,1.0,1.0,True
target_classroom,41,drawing,0,50,531,1.0,1.0,True
target_classroom,42,drawing,0,23,692,1.0,1.0,True
target_classroom,43,drawing,0,61,1047,1.0,1.0,True
target_classroom,44,drawing,0,17,1006,1.0,1.0,True
target_classroom,45,drawing,0,53,1040,1.0,1.0,True
target_classroom,46,drawing,0,59,176,1.0,1.0,True
target_classroom,47,drawing,0,11,1146,1.0,1.0,True
target_classroom,48,drawing,0,10,1049,1.0,1.0,True
target_classroom,49,drawing,0,64,1078,1.0,1.0,True
target_classroom,50,drawing,0,5,1121,1.0,1.0,True
target_classroom,51,drawing,0,27,953,1.0,1.0,True
target_classroom,52,flower,0,31,1049,1.0,1.0,True
target_classroom,53,flower,0,37,1849,1.0,1.0,True
target_classroom,54,supplies,0,14,3091,0.962628,1.0,True
target_classroom,55,drawing,0,49,2244,1.0,1.0,True
target_classroom,56,drawing,0,36,2395,1.0,1.0,True
target_classroom,57,paint,0,42,3947,1.0,1.0,True
target_classroom,58,drawing,0,12,2523,1.0,1.0,True
target_classroom,59,table,0,8,97026,1.0,1.0,True
target_classroom,60,supplies,0,54,1135,1.0,1.0,True
target_classroom,61,drawing,0,22,2192,1.0,1.0,True
target_classroom,62,drawing,0,4,2772,1.0,1.0,True
target_classroom,63,drawing,0,29,1882,0.817905,1.0,True
target_classroom,64,drawing,0,21,2205,1.0,1.0,True
target_classroom,65,supplies,0,65,1490,1.0,1.0,True
target_classroom,66,drawing,0,40,2682,1.0,1.0,True
target_classroom,67,supplies,0,56,1910,1.0,1.0,True
target_classroom,68,sofa,0,13,80631,1.0,1.0,True
target_classroom,69,supplies,0,55,10295,1.0,1.0,True
target_classroom,70,drawing,0,41,43909,1.0,1.0,True
target_closet,1,box,1,21,2204,1.0,1.0,False
target_closet,2,shelf,1,30,154942,0.841335,1.0,False
target_closet,3,drawer,1,34,29506,0.97916,1.0,False
target_closet,4,shoe,0,1,4397,1.0,1.0,False
target_closet,5,shoe,0,2,830,1.0,1.0,False
target_closet,6,shoe,0,32,3852,1.0,1.0,False
target_closet,7,box,0,31,2867,1.0,1.0,False
target_closet,8,coats,0,29,14710,1.0,1.0,False
target_closet,9,bench,0,27,53943,1.000056,0.999944,False
target_closet,10,shoe,0,26,1898,1.0,1.0,False
target_closet,11,shoe,0,25,398,1.0,1.0,False
target_closet,12,shoe,0,23,1095,1.0,1.0,False
target_closet,13,shirts,0,22,24611,1.0,1.0,False
target_closet,14,shoe,0,20,2179,1.0,1.0,False
target_closet,15,shoe,0,19,1403,1.0,1.0,False
target_closet,16,shoe,0,18,766,1.0,1.0,False
target_closet,17,clothes,0,17,22332,1.0,1.0,False
target_closet,18,shoe,0,16,1917,1.0,1.0,False
target_closet,19,shoe,0,14,3192,1.0,1.0,False
target_closet,20,box,0,13,2233,1.0,1.0,False
target_closet,21,shoe,0,12,557,1.0,1.0,False
target_closet,22,pants,0,11,25229,1.0,1.0,False
target_closet,23,shoe,0,10,427,1.0,1.0,False
target_closet,24,ceiling_light,0,9,12400,1.0,1.0,False
target_closet,25,box,0,8,3526,1.0,1.0,False
target_closet,26,box,0,6,1923,1.0,1.0,False
target_closet,27,shoe,0,5,720,1.0,1.0,False
target_closet,28,shoe,0,4,856,1.0,1.0,False
target_closet,29,door,0,3,22580,1.0,1.0,False
target_closet,30,shoe,0,33,3236,1.0,1.0,False
target_clothingstore,1,clothes,1,1,10693,0.964637,1.0,False
target_clothingstore,2,clothes,1,28,6862,0.243653,1.0,False
target_clothingstore,5,clothes,1,34,286,0.016656,1.0,False
target_clothingstore,6,clothes,1,33,4499,0.287807,1.0,False
target_clothingstore,8,clothes,1,30,14,0.001179,1.0,False
target_clothingstore,9,clothes,1,29,493,0.026996,1.0,False
target_clothingstore,10,clothes,1,26,7620,0.427537,1.0,False
target_clothingstore,12,clothes,1,25,18734,0.793881,1.0,False
target_clothingstore,13,decoration,1,21,4805,0.885714,1.0,False
target_clothingstore,14,clothes,1,19,8541,0.979922,1.0,False
target_clothingstore,15,ceiling_light,1,18,4341,0.966385,1.0,False
target_clothingstore,16,clothes,1,17,8677,0.295659,1.0,False
target_clothingstore,17,clothes,1,16,9552,0.998536,1.0,False
target_clothingstore,18,clothes,1,11,14411,0.857542,1.0,False
target_clothingstore,19,shelf,1,10,142525,0.508442,1.0,False
target_clothingstore,20,clothes,1,9,21116,1.0,1.0,False
target_clothingstore,21,clothes,1,43,15788,1.0,1.0,False
target_clothingstore,22,ceiling_light,0,0,469,1.0,1.0,False
target_clothingstore,23,clothes,0,2,46002,0.977373,0.999978,False
target_clothingstore,24,ceiling_light,0,42,838,1.0,1.0,False
target_clothingstore,25,clothes,0,41,19846,0.998742,1.0,False
target_clothingstore,26,bag,0,39,20719,1.0,1.0,False
target_clothingstore,27,clothes,0,35,25379,1.0,1.0,False
target_clothingstore,28,clothes,0,27,1170,1.0,1.0,False
target_clothingstore,29,decoration,0,24,13188,0.980448,1.0,False
target_clothingstore,30,clothes,0,23,2708,0.993033,1.0,False
target_clothingstore,31,bag,0,22,25329,1.0,1.0,False
target_clothingstore,32,clothes,0,20,2509,1.0,1.0,False
target_clothingstore,33,hat,0,15,7693,1.0,1.0,False
target_clothingstore,34,clothes,0,14,9839,1.0,1.0,False
target_clothingstore,35,ceiling_light,0,13,1065,1.0,1.0,False
target_clothingstore,36,sign,0,12,1552,1.0,1.0,False
target_clothingstore,37,clothes,0,8,2074,1.0,1.0,False
target_clothingstore,38,shoes,0,7,917,1.0,1.0,False
target_clothingstore,39,clothes,0,6,7123,1.0,1.0,False
target_clothingstore,40,decoration,0,5,4089,1.0,1.0,False
target_clothingstore,41,clothes,0,44,1987,1.0,1.0,False
target_coffeeshop,1,menu,1,2,33755,0.905081,1.0,False
target_coffeeshop,2,coffee_machine,1,5,18925,0.752246,1.0,False
target_coffeeshop,4,door,1,8,27020,0.40945,1.0,False
target_coffeeshop,5,picture,1,9,8135,1.0,1.0,False
target_coffeeshop,6,mug,1,14,92,0.067647,1.0,False
target_coffeeshop,8,counter,1,16,275607,0.875207,1.0,False
target_coffeeshop,10,shelf,1,22,58425,0.85827,1.0,False
target_coffeeshop,11,ceiling_light,0,0,3021,1.0,1.0,False
target_coffeeshop,12,ceiling_light,0,1,3175,1.0,1.0,False
target_coffeeshop,13,coffee_machine,0,3,11308,1.0,1.0,False
target_coffeeshop,14,mug,0,4,78,0.059406,1.0,False
target_coffeeshop,15,ceiling_light,0,10,2814,1.0,1.0,False
target_coffeeshop,16,coffee_machine,0,11,17878,1.0,1.0,False
target_coffeeshop,17,drinkware,0,12,4066,1.0,1.0,False
target_coffeeshop,18,drinkware,0,13,2424,1.0,1.0,False
target_coffeeshop,19,ceiling_light,0,17,2858,1.0,1.0,False
target_coffeeshop,20,coffee_machine,0,18,103044,1.0,1.0,False
target_coffeeshop,21,coffee_machine,0,19,18445,1.0,1.0,False
target_coffeeshop,22,picture,0,21,18590,1.0,1.0,False
target_conferencroom,1,chair,1,0,8552,0.841318,1.0,False
target_conferencroom,3,chair,1,34,28769,0.516573,1.0,False
target_conferencroom,4,table,1,33,32518,0.642509,1.0,False
target_conferencroom,5,bag,1,32,6791,0.718472,1.0,False
target_conferencroom,6,chair,1,27,33624,0.623718,1.0,False
target_conferencroom,7,bag,1,23,16343,0.94764,1.0,False
target_conferencroom,8,cup,1,17,83,0.154851,1.0,False
target_conferencroom,9,table,1,1,9739,0.678345,1.0,False
target_conferencroom,10,paper,1,10,289,0.127425,1.0,False
target_conferencroom,11,chair,1,7,6317,0.674101,1.0,False
target_conferencroom,12,table,1,4,70798,0.819326,1.0,False
target_conferencroom,13,radiator,1,3,11888,0.96564,1.0,False
target_conferencroom,14,doorway,1,36,19027,0.983663,1.0,False
target_conferencroom,15,fire_alarm,0,2,402,1.0,1.0,False
target_conferencroom,16,glasses,0,20,511,1.0,1.0,False
target_conferencroom,17,cup,0,31,754,1.0,1.0,False
target_conferencroom,18,chair,0,30,69607,1.0,1.0,False
target_conferencroom,19,laptop,0,29,9276,1.0,1.0,False
target_conferencroom,20,cup,0,28,857,1.0,1.0,False
target_conferencroom,21,cup,0,26,1150,0.877863,1.0,False
target_conferencroom,22,paper,0,25,1342,1.0,1.0,False
target_conferencroom,23,cup,0,24,1187,1.0,1.0,False
target_conferencroom,24,paper,0,22,1502,1.0,1.0,False
target_conferencroom,25,cup,0,6,937,1.0,1.0,False
target_conferencroom,26,bag,0,18,26909,1.0,1.0,False
target_conferencroom,27,cup,0,16,507,1.0,1.0,False
target_conferencroom,28,laptop,0,15,3174,1.0,1.0,False
target_conferencroom,29,projector,0,13,28178,1.0,1.0,False
target_conferencroom,30,cup,0,12,846,1.0,1.0,False
target_conferencroom,31,laptop,0,11,1025,1.0,1.0,False
target_conferencroom,32,paper,0,9,5256,1.0,1.0,False
target_conferencroom,33,cup,0,8,316,1.0,1.0,False
target_conferencroom,34,paper,0,37,3408,1.0,1.0,False
target_constructionsite,1,building,1,0,24865,0.62935,1.0,False
target_constructionsite,2,building,1,1,2354,0.188682,1.0,False
target_constructionsite,3,construction_site,1,2,233349,0.768227,1.0,False
target_constructionsite,4,building,1,3,11018,1.0,1.0,False
target_constructionsite,5,building,1,4,2432,0.387941,1.0,False
target_constructionsite,6,building,1,6,13270,0.394987,1.0,False
target_constructionsite,7,crane,1,7,28946,0.867322,1.0,False
target_constructionsite,8,road,1,9,61581,0.441555,1.0,False
target_constructionsite,9,building,1,11,6317,0.40434,1.0,False
target_constructionsite,10,building,1,12,15365,0.844463,1.0,False
target_constructionsite,11,crane,1,13,2893,0.502083,1.0,False
target_constructionsite,12,machine,1,16,9912,0.949698,1.0,False
target_constructionsite,13,crane,1,18,4294,0.835084,1.0,False
target_constructionsite,14,bridge,1,20,57849,0.963395,1.0,False
target_constructionsite,15,streetlight,0,5,7753,1.0,1.0,False
target_constructionsite,16,crate,0,8,3285,1.0,1.0,False
target_constructionsite,17,building,0,10,178814,1.0,1.0,False
target_constructionsite,18,machine,0,14,3267,1.0,1.0,False
target_constructionsite,19,machine,0,17,2683,1.0,1.0,False
target_constructionsite,20,crate,0,19,3380,1.0,1.0,False
target_courtroom,1,table,1,1,51956,0.696536,1.0,False
target_courtroom,2,table,1,18,23356,0.576934,1.0,False
target_courtroom,4,screen,1,21,1255,1.0,1.0,False
target_courtroom,5,flag,1,17,2988,0.803442,1.0,False
target_courtroom,6,screen,1,4,983,1.0,1.0,False
target_courtroom,7,table,1,16,62364,0.534611,1.0,False
target_courtroom,8,door,1,15,9347,1.0,1.0,False
target_courtroom,9,podium,1,12,44420,0.955844,1.0,False
target_courtroom,10,door,1,11,30399,1.0,1.0,False
target_courtroom,11,flag,1,6,2720,1.0,1.0,False
target_courtroom,12,table,1,27,77953,0.74448,1.0,False
target_courtroom,13,chair,0,0,23348,0.995099,1.0,False
target_courtroom,14,ceiling_light,0,2,3344,1.0,1.0,False
target_courtroom,15,ceiling_light,0,3,3706,1.0,1.0,False
target_courtroom,16,chair,0,5,26222,1.0,1.0,False
target_courtroom,17,screen,0,7,7254,1.0,1.0,False
target_courtroom,18,screen,0,9,7657,1.0,1.0,False
target_courtroom,19,chair,0,10,24476,1.0,1.0,False
target_courtroom,20,television,0,13,5781,1.0,1.0,False
target_courtroom,21,screen,0,14,5137,1.0,1.0,False
target_courtroom,22,sign,0,19,448,1.0,1.0,False
target_courtroom,23,ceiling_light,0,22,3591,1.0,1.0,False
target_deli,1,counter,1,23,149828,0.371911,1.0,False
target_deli,2,ceiling_light,1,26,722,0.438373,1.0,False
target_deli,3,food,1,47,18952,0.819688,1.0,False
target_deli,4,food,1,45,3853,0.782335,1.0,False
target_deli,5,food,1,44,8424,0.870878,1.0,False
target_deli,6,poster,1,30,271,0.025854,1.0,False
target_deli,7,food,1,25,45932,0.995859,1.0,False
target_deli,8,food,1,2,8618,0.898738,1.0,False
target_deli,9,food,1,21,2472,0.706286,1.0,False
target_deli,10,food,1,20,4422,0.902633,1.0,False
target_deli,11,food,1,19,1945,0.860619,1.0,False
target_deli,12,food,1,18,14280,0.772602,1.0,False
target_deli,13,food,1,17,1688,0.113731,1.0,False
target_deli,14,counter,1,4,46606,0.846305,1.0,False
target_deli,15,food,1,51,11269,0.913801,1.0,False
target_deli,16,food,0,1,12015,1.0,1.0,False
target_deli,17,food,0,39,5765,1.0,1.0,False
target_deli,18,food,0,33,1915,1.0,1.0,False
target_deli,19,food,0,34,34034,1.0,1.0,False
target_deli,20,food,0,35,3668,1.0,1.0,False
target_deli,21,ceiling_light,0,36,2199,1.0,1.0,False
target_deli,22,food,0,37,2684,0.853147,1.0,False
target_deli,23,food,0,38,2662,1.0,1.0,False
target_deli,24,food,0,40,2067,0.997587,1.0,False
target_deli,25,camera,0,31,439,1.0,1.0,False
target_deli,26,food,0,41,1922,0.995855,1.0,False
target_deli,27,food,0,42,5974,1.0,1.0,False
target_deli,28,ceiling_light,0,43,1985,1.0,1.0,False
target_deli,29,food,0,46,2529,1.0,1.0,False
target_deli,30,food,0,48,1911,1.0,1.0,False
target_deli,31,food,0,49,4345,1.0,1.0,False
target_deli,32,food,0,32,5948,1.0,1.0,False
target_deli,33,food,0,29,4961,1.0,1.0,False
target_deli,34,food,0,3,45586,1.0,1.0,False
target_deli,35,camera,0,11,316,1.0,1.0,False
target_deli,36,food,0,5,13293,1.0,1.0,False
target_deli,37,ceiling_light,0,6,3063,1.0,1.0,False
target_deli,38,food,0,7,4140,0.979418,1.0,False
target_deli,39,camera,0,8,743,1.0,1.0,False
target_deli,40,food,0,9,9522,0.910673,1.0,False
target_deli,41,food,0,10,10901,1.0,1.0,False
target_deli,42,food,0,12,2466,1.0,1.0,False
target_deli,43,food,0,28,6304,1.0,1.0,False
target_deli,44,food,0,13,3006,1.0,1.0,False
target_deli,45,food,0,14,6482,1.0,1.0,False
target_deli,46,food,0,15,7752,1.0,1.0,False
target_deli,47,ceiling_light,0,16,2112,1.0,1.0,False
target_deli,48,food,0,22,3513,1.0,1.0,False
target_deli,49,food,0,24,3936,1.0,1.0,False
target_deli,50,plant,0,52,21193,1.0,1.0,False
target_dentistoffice,1,equipment,1,1,23881,0.507588,1.0,False
target_dentistoffice,2,equipment,1,2,96388,0.819654,1.0,False
target_dentistoffice,3,equipment,1,4,3948,0.874419,1.0,False
target_dentistoffice,4,counter,1,6,16049,0.914525,1.0,False
target_dentistoffice,5,painting,1,11,32028,1.0,1.0,False
target_dentistoffice,6,counter,1,16,25713,0.522388,1.0,False
target_dentistoffice,7,ceiling_light,1,18,426,1.0,1.0,False
target_dentistoffice,8,equipment,0,0,1733,1.0,1.0,False
target_dentistoffice,9,mouse,0,3,6303,1.0,1.0,False
target_dentistoffice,10,counter,0,5,34639,1.0,1.0,False
target_dentistoffice,11,screen,0,7,6765,0.999557,1.0,False
target_dentistoffice,12,pamphlet,0,8,5564,1.0,1.0,False
target_dentistoffice,13,keyboard,0,9,16376,1.0,1.0,False
target_dentistoffice,14,cabinet,0,10,70921,1.0,1.0,False
target_dentistoffice,15,cabinet,0,14,17824,1.0,1.0,False
target_dentistoffice,16,screen,0,15,8288,1.0,1.0,False
target_desert,1,tree,1,4,15323,0.924409,1.0,False
target_desert,2,cactus,1,7,10561,0.974442,1.0,False
target_desert,3,tree,1,12,7966,0.970162,1.0,False
target_desert,4,cactus,0,0,5026,0.781041,1.0,False
target_desert,5,cactus,0,1,4246,1.0,1.0,False
target_desert,6,tree,0,2,7074,1.0,1.0,False
target_desert,7,tree,0,6,6200,1.0,1.0,False
target_desert,8,tree,0,8,25509,1.000039,0.999961,False
target_desert,9,cactus,0,9,433,1.0,1.0,False
target_desert,10,cactus,0,10,2640,1.0,1.0,False
target_desert,11,cactus,0,11,142322,1.0,1.0,False
target_desktop,1,can,1,2,106,0.02282,1.0,False
target_desktop,2,paper,1,3,4325,0.071658,1.0,False
target_desktop,4,shelf,1,6,67673,0.847671,1.0,False
target_desktop,5,rubberband,1,10,6079,1.0,1.0,False
target_desktop,6,laptop,1,11,26378,0.496583,1.0,False
target_desktop,7,desk,1,12,169190,0.658627,1.0,False
target_desktop,8,lamp,1,13,8246,0.983306,1.0,False
target_desktop,9,paper,1,16,25117,0.595458,1.0,False
target_desktop,10,supplies,0,0,11597,1.0,1.0,False
target_desktop,11,bottle,0,1,4303,0.998608,1.0,False
target_desktop,12,glasses_case,0,4,6156,0.999513,1.0,False
target_desktop,13,glasses,0,7,1923,1.0,1.0,False
target_desktop,14,juicebox,0,8,15149,1.0,1.0,False
target_desktop,15,tissue,0,14,21269,0.999061,1.0,False
target_desktop,16,supplies,0,15,5885,1.0,1.0,False
target_desktop,17,paper,0,17,33767,1.0,1.0,False
target_desktop,18,mug,0,18,15694,1.0,1.0,False
target_diner,1,menu,1,1,2941,0.444059,1.0,False
target_diner,2,fridge,1,2,8678,0.68552,1.0,False
target_diner,3,barstool,1,4,6836,0.605975,1.0,False
target_diner,4,booth,1,8,19384,0.261328,1.0,False
target_diner,5,counter,1,10,630,0.023682,1.0,False
target_diner,6,barstool,1,11,22204,0.932784,1.0,False
target_diner,7,sign,1,16,737,0.848101,1.0,False
target_diner,9,fridge,1,21,38507,0.695009,1.0,False
target_diner,10,booth,1,23,29103,0.97078,1.0,False
target_diner,11,booth,1,24,22196,0.831778,1.0,False
target_diner,12,coffee_machine,1,29,8458,0.765361,1.0,False
target_diner,13,menu,1,35,10517,0.516045,1.0,False
target_diner,14,barstool,1,37,5845,0.939107,1.0,False
target_diner,15,salt_and_pepper,0,0,256,1.0,1.0,False
target_diner,16,counter,0,26,171185,0.911965,1.0,False
target_diner,17,window,0,39,444,1.0,1.0,False
target_diner,18,salt_and_pepper,0,38,2064,0.977273,1.0,False
target_diner,19,ketchup,0,36,4578,1.0,1.0,False
target_diner,20,salt_and_pepper,0,34,900,0.993377,1.0,False
target_diner,21,utensil,0,33,394,1.0,1.0,False
target_diner,22,window,0,32,700,1.0,1.0,False
target_diner,23,utensil,0,31,7783,1.0,1.0,False
target_diner,24,sign,0,30,1792,1.0,1.0,False
target_diner,25,sign,0,28,12515,1.0,1.0,False
target_diner,26,ketchup,0,27,1427,1.0,1.0,False
target_diner,27,utensil,0,5,726,1.0,1.0,False
target_diner,28,ceiling_light,0,22,2061,1.0,1.0,False
target_diner,29,booth,0,20,78017,0.989273,1.0,False
target_diner,30,barstool,0,17,11350,0.999912,0.999912,False
target_diner,31,barstools,0,15,5646,1.0,1.0,False
target_diner,32,window,0,14,537,1.0,1.0,False
target_diner,33,window,0,13,438,1.0,1.0,False
target_diner,34,ketchup,0,12,407,1.0,1.0,False
target_diner,35,utensil,0,9,1687,1.0,1.0,False
target_diner,36,window,0,7,466,1.0,1.0,False
target_diner,37,sign,0,6,1042,1.0,1.0,False
target_diner,38,window,0,40,36837,1.0,1.0,False
target_diningroom_IDS01,1,tray,1,1,4653,0.769727,1.0,False
target_diningroom_IDS01,2,chair,1,19,8070,0.191318,1.0,False
target_diningroom_IDS01,3,chair,1,28,19803,0.90338,1.0,False
target_diningroom_IDS01,4,chair,1,27,17461,0.671861,1.0,False
target_diningroom_IDS01,5,table,1,25,22870,0.291397,1.0,False
target_diningroom_IDS01,8,chair,1,21,4579,0.135851,1.0,False
target_diningroom_IDS01,10,coffee_table,1,2,42514,0.951181,1.0,False
target_diningroom_IDS01,11,tv,1,15,4924,0.718622,1.0,False
target_diningroom_IDS01,12,chair,1,14,12064,0.479854,1.0,False
target_diningroom_IDS01,13,cabinet,1,13,77246,0.947397,1.0,False
target_diningroom_IDS01,14,lamp,1,8,8138,0.715114,1.0,False
target_diningroom_IDS01,15,window,1,6,136503,0.936755,1.0,False
target_diningroom_IDS01,16,chair,1,5,26366,1.0,1.0,False
target_diningroom_IDS01,17,chair,0,0,45818,1.0,1.0,False
target_diningroom_IDS01,18,bowl,0,3,1602,1.0,1.0,False
target_diningroom_IDS01,19,candle,0,4,2182,1.0,1.0,False
target_diningroom_IDS01,20,chair,0,7,6194,1.0,1.0,False
target_diningroom_IDS01,21,bowl,0,10,2643,1.0,1.0,False
target_diningroom_IDS01,22,painting,0,11,9460,1.0,1.0,False
target_diningroom_IDS01,23,sofa,0,12,17778,0.999101,0.999101,False
target_diningroom_IDS01,24,ceiling_light,0,17,9227,1.0,1.0,False
target_diningroom_IDS01,25,elephant,0,18,1009,1.0,1.0,False
target_diningroom_IDS01,26,painting,0,22,4187,1.0,1.0,False
target_diningroom_IDS01,27,wall_light,0,26,942,1.0,1.0,False
target_dock,1,boat,1,0,28130,0.419456,1.0,False
target_dock,2,boat,1,11,2313,0.855399,1.0,False
target_dock,3,boat,1,19,33829,0.921194,1.0,False
target_dock,4,boat,1,18,38461,0.574105,1.0,False
target_dock,5,boat,1,16,2110,0.325166,1.0,False
target_dock,6,lifesaver,1,14,897,0.814714,1.0,False
target_dock,7,boat,1,13,15313,0.869267,1.0,False
target_dock,8,boat,1,12,8842,0.83636,1.0,False
target_dock,9,boat,1,9,2431,0.273115,1.0,False
target_dock,10,mountain,1,1,25466,0.978333,1.0,False
target_dock,11,boat,1,8,56,0.009996,1.0,False
target_dock,12,dock,1,7,193353,0.933554,1.0,False
target_dock,13,tree,1,6,11131,1.0,1.0,False
target_dock,14,boat,1,5,21356,1.0,1.0,False
target_dock,15,boat,1,4,12630,0.913893,1.0,False
target_dock,16,boat,1,3,3342,1.0,1.0,False
target_dock,17,boat,1,2,2502,1.0,1.0,False
target_dock,18,lifesaver,0,10,2425,1.0,1.0,False
target_dock,19,boat,0,15,38653,1.0,1.0,False
target_dock,20,boat,0,20,30986,1.0,1.0,False
target_driveway,4,plant,1,6,30,0.001146,1.0,False
target_driveway,5,house,1,8,161613,0.578003,1.0,False
target_driveway,6,window,1,9,598,0.017427,1.0,False
target_driveway,7,window,1,10,3837,0.801713,1.0,False
target_driveway,8,window,1,12,9927,0.345383,1.0,False
target_driveway,9,shrub,1,14,24466,1.0,1.0,False
target_driveway,10,window,1,15,7314,1.0,1.0,False
target_driveway,11,driveway,0,16,448742,0.999419,1.0,False
target_driveway,12,garage,0,0,17334,1.0,1.0,False
target_driveway,13,plant,0,2,14894,1.0,1.0,False
target_driveway,14,garage,0,7,33882,1.0,1.0,False
target_driveway,15,flag,0,13,2825,1.0,1.0,False
target_driveway,16,plant,0,17,2198,1.0,1.0,False
target_factory,1,chair,1,0,2473,0.11513,1.0,False
target_factory,2,cart,1,19,1914,0.129631,1.0,False
target_factory,3,machine,1,32,3236,0.863164,1.0,False
target_factory,4,chair,1,31,388,0.078654,1.0,False
target_factory,6,workstation,1,26,6447,0.426135,1.0,False
target_factory,7,workstation,1,24,20013,0.489387,1.0,False
target_factory,8,workstation,1,23,25938,0.808163,1.0,False
target_factory,9,window,1,20,13194,0.683414,1.0,False
target_factory,10,workstation,1,18,31464,0.462264,1.0,False
target_factory,11,toolbox,1,6,3028,0.210746,1.0,False
target_factory,12,box,1,17,6771,0.72332,1.0,False
target_factory,13,cart,1,16,90296,0.708126,1.0,False
target_factory,14,workstation,1,15,23073,0.986743,1.0,False
target_factory,15,workstation,1,14,131641,0.694316,1.0,False
target_factory,16,lamp,1,10,1899,0.243212,1.0,False
target_factory,17,workstation,1,9,38870,0.647877,1.0,False
target_factory,18,box,1,7,23262,0.74584,1.0,False
target_factory,19,chair,1,34,17270,0.991275,1.0,False
target_factory,20,picture,0,1,3150,1.0,1.0,False
target_factory,21,machine,0,2,6706,1.0,1.0,False
target_factory,22,chair,0,3,10525,1.0,1.0,False
target_factory,23,machine,0,4,1665,1.0,1.0,False
target_factory,24,box,0,5,24035,1.0,1.0,False
target_factory,25,trashcan,0,8,12123,1.0,1.0,False
target_factory,26,dog,0,12,6306,1.0,1.0,False
target_factory,27,lamp,0,13,1064,1.0,1.0,False
target_factory,28,box,0,21,3738,1.0,1.0,False
target_factory,29,toolbox,0,22,6343,1.0,1.0,False
target_factory,30,toolbox,0,27,18202,1.0,1.0,False
target_factory,31,lamp,0,28,2395,1.0,1.0,False
target_factory,32,lamp,0,30,1735,1.0,1.0,False
target_factory,33,machine,0,33,31328,1.0,1.0,False
target_field,3,mountain,1,3,22766,0.368567,1.0,False
target_field,4,mountain,1,4,175177,0.760921,1.0,False
target_field,5,hill,1,6,51452,0.627655,1.0,False
target_field,7,building,1,9,3211,0.379147,1.0,False
target_field,8,tree,1,11,2183,0.433565,1.0,False
target_field,10,hill,1,15,43414,0.145707,1.0,False
target_field,11,building,1,16,1108,0.568789,1.0,False
target_field,12,hill,1,18,81803,0.994444,1.0,False
target_field,13,building,0,2,3771,0.564352,1.0,False
target_field,14,vineyard,0,7,30636,1.0,1.0,False
target_field,15,tree,0,10,10050,0.994754,1.0,False
target_field,16,building,0,12,1564,1.0,1.0,False
target_field,17,tree,0,13,4576,0.983874,1.0,False
target_field,18,vineyard,0,17,229269,1.0,1.0,False
target_fireworks,1,buildings,1,4,82739,0.911102,1.0,False
target_fireworks,2,fireworks,1,8,65888,0.94459,1.0,False
target_fireworks,3,fireworks,1,11,57132,0.952184,1.0,False
target_fireworks,4,water,0,0,284069,1.0,1.0,False
target_fireworks,5,building,0,1,1543,1.0,1.0,False
target_fireworks,6,building,0,2,2432,1.0,1.0,False
target_fireworks,7,fireworks,0,3,48461,0.998887,1.0,False
target_fireworks,8,building,0,5,6366,1.0,1.0,False
target_fireworks,9,building,0,6,4893,1.0,1.0,False
target_fireworks,10,fireworks,0,7,25868,1.0,1.0,False
target_fireworks,11,fireworks,0,10,37881,1.0,1.0,False
target_fishingvillage,7,building,1,48,99,0.060219,1.0,False
target_fishingvillage,8,water,1,47,280287,0.868014,1.0,False
target_fishingvillage,11,church,1,42,6899,0.760639,1.0,False
target_fishingvillage,12,building,1,36,1555,0.510506,1.0,False
target_fishingvillage,13,hill,1,32,211130,0.651646,1.0,False
target_fishingvillage,14,building,1,31,3808,0.744186,1.0,False
target_fishingvillage,15,boat,1,30,4222,1.0,1.0,False
target_fishingvillage,16,building,1,29,8610,0.945115,1.0,False
target_fishingvillage,17,building,1,28,8877,0.826844,1.0,False
target_fishingvillage,18,building,1,26,3473,0.720839,1.0,False
target_fishingvillage,19,building,1,24,7669,1.0,1.0,False
target_fishingvillage,20,building,1,21,4921,1.0,1.0,False
target_fishingvillage,21,building,1,18,6774,1.0,1.0,False
target_fishingvillage,22,building,1,17,1595,0.553819,1.0,False
target_fishingvillage,23,building,1,15,2989,0.931443,1.0,False
target_fishingvillage,24,building,1,12,14740,0.922576,1.0,False
target_fishingvillage,25,building,1,55,9687,1.0,1.0,False
target_fishingvillage,26,car,0,1,543,1.0,1.0,False
target_fishingvillage,27,boat,0,2,10295,0.999224,1.0,False
target_fishingvillage,28,car,0,44,514,1.0,1.0,False
target_fishingvillage,29,boat,0,41,521,1.0,1.0,False
target_fishingvillage,30,boat,0,39,7222,1.0,1.0,False
target_fishingvillage,31,building,0,38,16218,1.0,1.0,False
target_fishingvillage,32,boat,0,34,348,1.0,1.0,False
target_fishingvillage,33,boat,0,33,377,1.0,1.0,False
target_fishingvillage,34,car,0,25,440,1.0,1.0,False
target_fishingvillage,35,car,0,23,442,1.0,1.0,False
target_fishingvillage,36,car,0,19,542,1.0,1.0,False
target_fishingvillage,37,building,0,14,5146,1.0,1.0,False
target_fishingvillage,38,building,0,13,6127,1.0,1.0,False
target_fishingvillage,39,boat,0,11,15047,1.0,1.0,False
target_fishingvillage,40,car,0,10,764,1.0,1.0,False
target_fishingvillage,41,boat,0,7,1071,1.0,1.0,False
target_fishingvillage,42,building,0,6,5668,1.0,1.0,False
target_fishingvillage,43,boat,0,5,4901,1.0,1.0,False
target_fishingvillage,44,car,0,52,643,1.0,1.0,False
target_forrest,1,tree,1,1,27621,0.905844,1.0,False
target_forrest,2,water,1,6,57292,0.769402,1.0,False
target_forrest,3,plants,1,7,52124,0.799963,1.0,False
target_forrest,4,tree,1,12,32978,0.39197,1.0,False
target_forrest,5,plants,1,17,227258,0.842049,1.0,False
target_forrest,6,tree,0,0,6556,1.0,1.0,False
target_forrest,7,tree,0,2,56790,1.0,1.0,False
target_forrest,8,tree,0,3,22934,1.0,1.0,False
target_forrest,9,plant,0,4,13119,1.0,1.0,False
target_forrest,10,rock,0,5,10034,1.0,1.0,False
target_forrest,11,tree,0,8,23051,1.0,1.0,False
target_forrest,12,plant,0,10,45987,1.0,1.0,False
target_forrest,13,tree,0,11,15301,1.0,1.0,False
target_forrest,14,tree,0,13,7322,1.0,1.0,False
target_forrest,15,rock,0,14,17424,1.0,1.0,False
target_forrest,16,plant,0,15,6153,1.0,1.0,False
target_forrest,17,tree,0,16,27078,1.0,1.0,False
target_gameroom_IDS01,1,chair,1,4,1012,0.067701,1.0,False
target_gameroom_IDS01,2,chair,1,6,3294,0.316002,1.0,False
target_gameroom_IDS01,3,stereo,1,7,14879,0.92704,1.0,False
target_gameroom_IDS01,4,banner,1,15,27214,0.644882,1.0,False
target_gameroom_IDS01,5,plaque,1,18,1383,1.0,1.0,False
target_gameroom_IDS01,6,cabinet,1,21,17050,0.508636,1.0,False
target_gameroom_IDS01,7,chair,1,24,2105,0.092151,1.0,False
target_gameroom_IDS01,8,chair,1,25,7553,0.73803,1.0,False
target_gameroom_IDS01,9,plaque,1,32,2037,0.442441,1.0,False
target_gameroom_IDS01,10,vent,1,34,5281,0.588609,1.0,False
target_gameroom_IDS01,11,island,1,35,41059,0.535641,1.0,False
target_gameroom_IDS01,12,lightswitch,0,0,508,1.0,1.0,False
target_gameroom_IDS01,13,bottles,0,1,9087,1.0,1.0,False
target_gameroom_IDS01,14,plaque,0,46,4223,1.0,1.0,False
target_gameroom_IDS01,15,ceiling_light,0,44,193,1.0,1.0,False
target_gameroom_IDS01,16,sink,0,43,645,1.0,1.0,False
target_gameroom_IDS01,17,plaque,0,42,2057,1.0,1.0,False
target_gameroom_IDS01,18,popcorn,0,41,13272,0.999473,1.0,False
target_gameroom_IDS01,19,lightswitch,0,39,490,1.0,1.0,False
target_gameroom_IDS01,20,ceiling_light,0,38,151,1.0,1.0,False
target_gameroom_IDS01,21,plaque,0,37,1816,1.0,1.0,False
target_gameroom_IDS01,22,picture,0,36,10186,0.996966,1.0,False
target_gameroom_IDS01,23,bottles,0,33,10707,1.0,1.0,False
target_gameroom_IDS01,24,ceiling_light,0,31,358,1.0,1.0,False
target_gameroom_IDS01,25,spine,0,30,19892,1.0,1.0,False
target_gameroom_IDS01,26,plaque,0,28,4760,1.0,1.0,False
target_gameroom_IDS01,27,ceiling_light,0,27,258,1.0,1.0,False
target_gameroom_IDS01,28,ceiling_light,0,26,184,1.0,1.0,False
target_gameroom_IDS01,29,ceiling_light,0,22,115,1.0,1.0,False
target_gameroom_IDS01,30,plaque,0,20,2448,1.0,1.0,False
target_gameroom_IDS01,31,phone,0,19,925,1.0,1.0,False
target_gameroom_IDS01,32,glasses,0,17,3006,1.0,1.0,False
target_gameroom_IDS01,33,picture,0,16,4208,1.0,1.0,False
target_gameroom_IDS01,34,flags,0,14,16024,1.0,1.0,False
target_gameroom_IDS01,35,plaque,0,13,1317,1.0,1.0,False
target_gameroom_IDS01,36,pool_table,0,12,82656,1.0,1.0,False
target_gameroom_IDS01,37,fridge,0,10,43391,0.771656,1.0,False
target_gameroom_IDS01,38,ceiling_light,0,9,15204,1.0,1.0,False
target_gameroom_IDS01,39,ceiling_light,0,8,214,1.0,1.0,False
target_gameroom_IDS01,40,clock,0,5,2392,1.0,1.0,False
target_gameroom_IDS01,41,disco_ball,0,3,5422,1.0,1.0,False
target_gameroom_IDS01,42,cabinet,0,2,14951,1.0,1.0,False
target_gameroom_IDS01,43,bottle,0,47,6057,1.0,1.0,False
target_garage,1,umbrella,1,2,4642,0.783724,1.0,False
target_garage,2,bag,1,3,7550,0.913933,1.0,False
target_garage,3,cabinet,1,15,8035,0.897364,1.0,False
target_garage,4,wagon,1,19,10769,0.779459,1.0,False
target_garage,5,door,1,20,149884,0.981713,1.0,False
target_garage,6,ball,1,22,746,0.853547,1.0,False
target_garage,7,bag,1,23,5324,0.902832,1.0,False
target_garage,8,ball,1,26,565,0.694103,1.0,False
target_garage,9,tool,1,27,7055,0.835702,1.0,False
target_garage,10,ball,1,34,747,0.963871,1.0,False
target_garage,11,bat,1,35,1053,0.638182,1.0,False
target_garage,12,ball,1,40,738,0.927136,1.0,False
target_garage,13,helmet,0,0,1793,1.0,1.0,False
target_garage,14,bat,0,24,1041,1.0,1.0,False
target_garage,15,broom,0,41,7128,1.0,1.0,False
target_garage,16,bat,0,39,1130,1.0,1.0,False
target_garage,17,tool,0,38,5129,1.0,1.0,False
target_garage,18,tool,0,37,2261,0.913905,1.0,False
target_garage,19,bag,0,36,2328,1.0,1.0,False
target_garage,20,air_pump,0,33,1802,1.0,1.0,False
target_garage,21,bag,0,32,11667,0.999914,1.0,False
target_garage,22,umbrella,0,31,1667,1.0,1.0,False
target_garage,23,helmet,0,30,1120,1.0,1.0,False
target_garage,24,paddle,0,29,1198,1.0,1.0,False
target_garage,25,bike,0,28,21593,0.996079,1.0,False
target_garage,26,ball,0,25,1266,1.0,1.0,False
target_garage,27,bag,0,21,13861,0.946531,1.0,False
target_garage,28,tool,0,1,2911,1.0,1.0,False
target_garage,29,ball,0,18,789,1.0,1.0,False
target_garage,30,machine,0,17,5971,1.0,1.0,False
target_garage,31,ball,0,16,649,1.0,1.0,False
target_garage,32,bike,0,13,19611,1.0,1.0,False
target_garage,33,cone,0,12,775,1.0,1.0,False
target_garage,34,tool,0,11,5514,0.999637,1.0,False
target_garage,35,ball,0,10,656,1.0,1.0,False
target_garage,36,bag,0,9,10606,1.0,1.0,False
target_garage,37,bike,0,8,27102,1.0,1.0,False
target_garage,38,ball,0,7,3938,1.0,1.0,False
target_garage,39,bat,0,6,970,1.0,1.0,False
target_garage,40,ball,0,4,1284,1.0,1.0,False
target_garage,41,bucket,0,42,2893,1.0,1.0,False
target_garden,1,flowers,1,0,1,0.000775,1.0,False
target_garden,2,flowers,1,18,223,0.042959,1.0,False
target_garden,3,flowers,1,29,2403,0.801534,1.0,False
target_garden,4,flowers,1,28,6524,0.573135,1.0,False
target_garden,5,bush,1,26,17830,0.66086,1.0,False
target_garden,6,flowers,1,21,12973,0.21742,0.999538,False
target_garden,7,flowers,1,20,4619,0.763976,1.0,False
target_garden,8,flowers,1,19,4055,0.674597,1.0,False
target_garden,10,flowers,1,2,8516,0.62858,1.0,False
target_garden,11,water,1,15,13497,0.416304,1.0,False
target_garden,13,tree,1,11,19300,0.673577,1.0,False
target_garden,14,plant,1,10,5516,0.697698,1.0,False
target_garden,15,flowers,1,9,6111,0.855523,1.0,False
target_garden,17,statue,1,6,1209,0.286833,1.0,False
target_garden,18,walkway,1,4,103227,0.678384,0.999884,False
target_garden,19,flowers,1,3,26760,0.629721,0.999851,False
target_garden,20,flower,0,1,42572,0.999272,0.999953,False
target_garden,21,bush,0,5,3024,1.0,1.0,False
target_garden,22,flower,0,8,13985,1.0,1.0,False
target_garden,23,tree,0,12,5995,1.0,1.0,False
target_garden,24,flowers,0,13,97956,1.0,1.0,False
target_garden,25,flowers,0,16,40999,0.986454,1.0,False
target_garden,26,tree,0,25,13758,1.0,1.0,False
target_garden,27,plant,0,27,4061,0.740383,1.0,False
target_garden,28,tree,0,30,8406,1.0,1.0,False
target_garden,29,flowers,0,31,1001,0.772973,1.0,False
target_garden,30,plant,0,33,7908,0.819482,1.0,False
target_garden,31,flowers,0,34,584,0.112611,1.0,False
target_garden,32,walkway,0,35,51241,1.0,1.0,False
target_grassland,1,building,1,4,4876,0.988045,1.0,False
target_grassland,2,bridge,0,1,7210,1.0,1.0,False
target_grassland,3,stick,0,2,809,1.0,1.0,False
target_grassland,4,sign,0,3,360,1.0,1.0,False
target_grassland,5,plant,0,5,5759,1.0,1.0,False
target_grassland,6,plant,0,7,2471,1.0,1.0,False
target_grassland,7,plant,0,9,3457,1.0,1.0,False
target_greenhouse,1,plant,1,4,2555,0.610952,1.0,False
target_greenhouse,2,plant,1,7,4553,0.170633,1.0,False
target_greenhouse,3,vase,1,10,3122,0.210363,1.0,False
target_greenhouse,4,plants,1,12,11882,0.968615,1.0,False
target_greenhouse,5,fan,1,15,3841,0.825666,1.0,False
target_greenhouse,6,plants,1,18,131695,0.633951,1.0,False
target_greenhouse,7,cobblestone,1,19,65258,0.95938,1.0,False
target_greenhouse,8,sink,1,20,8869,0.510769,1.0,False
target_greenhouse,9,plant,1,24,20022,0.985092,1.0,False
target_greenhouse,10,plant,0,0,64264,1.0,1.0,False
target_greenhouse,11,plant,0,1,89,0.019437,1.0,False
target_greenhouse,12,plant,0,2,27893,0.830396,1.0,False
target_greenhouse,13,plant,0,3,654,0.344029,1.0,False
target_greenhouse,14,plant,0,5,14207,1.0,1.0,False
target_greenhouse,15,plant,0,9,250,0.054825,1.0,False
target_greenhouse,16,plant,0,13,5845,0.334019,1.0,False
target_greenhouse,17,plant,0,14,8726,1.0,1.0,False
target_greenhouse,18,plant,0,16,4359,0.982199,1.0,False
target_greenhouse,19,plant,0,17,8603,1.0,1.0,False
target_greenhouse,20,plants,0,21,74028,1.0,1.0,False
target_greenhouse,21,plant,0,22,11752,1.0,1.0,False
target_greenhouse,22,plant,0,26,1642,1.0,1.0,False
target_hairsalon,1,car,1,0,900,0.453629,1.0,False
target_hairsalon,4,window,1,15,69746,0.809945,1.0,False
target_hairsalon,5,chair,1,16,5726,0.993063,1.0,False
target_hairsalon,6,mirror,1,17,108109,0.960986,1.0,False
target_hairsalon,7,mirror,1,19,38539,0.997464,1.0,False
target_hairsalon,8,hair_product,0,1,911,1.0,1.0,False
target_hairsalon,9,sign,0,4,10239,1.0,1.0,False
target_hairsalon,10,chair,0,5,9713,0.958362,1.0,False
target_hairsalon,11,chair,0,6,24529,1.0,1.0,False
target_hairsalon,12,hair_product,0,7,3492,1.0,1.0,False
target_hairsalon,13,chair,0,9,43570,1.0,1.0,False
target_hairsalon,14,flower,0,10,816,1.0,1.0,False
target_hairsalon,15,mirror,0,11,10899,1.0,1.0,False
target_hairsalon,16,pipe,0,12,3573,1.0,1.0,False
target_hairsalon,17,window,0,13,12142,1.0,1.0,False
target_hairsalon,18,hair_product,0,20,1514,1.0,1.0,False
target_hardwarestore,6,shelf,1,18,49403,0.523697,1.0,False
target_hardwarestore,8,tools,1,29,3765,0.073432,1.0,False
target_hardwarestore,10,ceiling_light,1,32,5766,0.641736,1.0,False
target_hardwarestore,13,shelf,0,30,342884,0.662523,0.999962,False
target_hardwarestore,14,boxes,0,2,18775,1.0,1.0,False
target_hardwarestore,15,tool,0,3,2693,1.0,1.0,False
target_hardwarestore,16,tool,0,37,3495,1.0,1.0,False
target_hardwarestore,17,hose,0,35,6392,1.0,1.0,False
target_hardwarestore,18,tool,0,33,23486,1.0,1.0,False
target_hardwarestore,19,tool,0,28,763,0.292002,1.0,False
target_hardwarestore,20,ceiling_light,0,27,3364,1.0,1.0,False
target_hardwarestore,21,tool,0,26,2588,1.0,1.0,False
target_hardwarestore,22,lantern,0,24,15044,1.0,1.0,False
target_hardwarestore,23,bags,0,23,36763,1.0,1.0,False
target_hardwarestore,24,lantern,0,22,5029,1.0,1.0,False
target_hardwarestore,25,tool,0,21,3106,1.0,1.0,False
target_hardwarestore,26,bottle,0,20,1209,1.0,1.0,False
target_hardwarestore,27,lantern,0,19,9018,1.0,1.0,False
target_hardwarestore,28,hose,0,17,6066,1.0,1.0,False
target_hardwarestore,29,fan,0,16,19852,1.0,1.0,False
target_hardwarestore,30,wheelbarrow,0,13,23285,1.0,1.0,False
target_hardwarestore,31,tool,0,12,2300,1.0,1.0,False
target_hardwarestore,32,lantern,0,10,9357,1.0,1.0,False
target_hardwarestore,33,fan,0,7,5627,1.0,1.0,False
target_hardwarestore,34,tools,0,6,29405,1.0,1.0,False
target_hardwarestore,35,tool,0,4,4003,1.0,1.0,False
target_hardwarestore,36,lantern,0,39,6235,1.0,1.0,False
target_heliport,1,building,1,0,5647,0.748244,1.0,False
target_heliport,2,bridge,1,1,744,0.063104,1.0,False
target_heliport,3,buildings,1,2,15508,0.854859,1.0,False
target_heliport,4,boat,1,4,1115,0.940135,1.0,False
target_heliport,5,water,1,8,37644,0.858218,1.0,False
target_heliport,6,building,1,13,5777,0.47438,1.0,False
target_heliport,7,tree,1,18,10471,0.813471,1.0,False
target_heliport,8,building,1,20,10267,0.711849,1.0,False
target_heliport,9,buildings,1,23,17447,0.879075,1.0,False
target_heliport,10,buildings,1,24,12136,0.962793,1.0,False
target_heliport,11,building,1,27,2345,0.625667,1.0,False
target_heliport,12,building,1,28,7513,0.918797,1.0,False
target_heliport,13,pavement,0,10,480338,0.917038,1.0,False
target_heliport,14,antenna,0,3,2005,1.0,1.0,False
target_heliport,15,helicopter,0,5,20929,1.0,1.0,False
target_heliport,16,car,0,6,1183,1.0,1.0,False
target_heliport,17,box,0,7,3031,0.999341,1.0,False
target_heliport,18,boat,0,9,525,1.0,1.0,False
target_heliport,19,barrel,0,12,1727,1.0,1.0,False
target_heliport,20,equipment,0,14,8138,1.0,1.0,False
target_heliport,21,boat,0,15,1713,1.0,1.0,False
target_heliport,22,boat,0,16,734,1.0,1.0,False
target_heliport,23,building,0,17,13416,0.984155,1.0,False
target_heliport,24,equipment,0,19,1142,1.0,1.0,False
target_heliport,25,boat,0,21,52,0.058757,1.0,False
target_heliport,26,equipment,0,22,935,1.0,1.0,False
target_heliport,27,equipment,0,25,746,1.0,1.0,False
target_heliport,28,building,0,26,6954,1.0,1.0,False
target_highway,2,street,1,36,179173,0.797086,1.0,False
target_highway,3,car,1,31,7,0.004274,1.0,False
target_highway,4,divider,1,28,7226,0.413292,1.0,False
target_highway,6,street,1,26,6028,0.563997,1.0,False
target_highway,7,street,1,24,5247,0.650993,1.0,False
target_highway,8,bridge,1,22,12212,0.923752,1.0,False
target_highway,9,car,1,4,1222,0.725223,1.0,False
target_highway,10,sign,1,21,676,0.917232,1.0,False
target_highway,11,street,1,18,7886,0.503576,1.0,False
target_highway,12,car,1,15,583,0.244547,1.0,False
target_highway,13,car,1,12,893,0.87037,1.0,False
target_highway,14,car,1,10,4223,0.677088,1.0,False
target_highway,15,sign,1,6,106,0.80916,1.0,False
target_highway,16,car,1,5,873,0.34948,1.0,False
target_highway,17,divider,1,37,13334,0.578055,1.0,False
target_highway,18,sign,0,0,213,1.0,1.0,False
target_highway,19,sign,0,1,16510,1.0,1.0,False
target_highway,20,car,0,34,687,1.0,1.0,False
target_highway,21,car,0,32,3501,1.0,1.0,False
target_highway,22,car,0,30,23260,1.0,1.0,False
target_highway,23,sign,0,29,129,1.0,1.0,False
target_highway,24,flag,0,25,785,1.0,1.0,False
target_highway,25,car,0,20,841,1.0,1.0,False
target_highway,26,car,0,19,4263,1.0,1.0,False
target_highway,27,car,0,17,988,1.0,1.0,False
target_highway,28,car,0,16,5277,1.0,1.0,False
target_highway,29,sign,0,13,85,1.0,1.0,False
target_highway,30,lightpole,0,11,5787,1.0,1.0,False
target_highway,31,car,0,9,3121,0.262445,1.0,False
target_highway,32,car,0,8,632,1.0,1.0,False
target_highway,33,sign,0,7,107,1.0,1.0,False
target_highway,34,lightpole,0,2,1067,1.0,1.0,False
target_highway,35,car,0,35,39938,1.0,1.0,False
target_hospital,1,curtain,1,1,112195,0.728695,1.0,False
target_hospital,2,chair,1,3,26556,0.532472,1.0,False
target_hospital,3,curtain,1,5,32717,1.0,1.0,False
target_hospital,4,light,1,7,28349,0.993273,1.0,False
target_hospital,5,bed,1,9,130619,0.546594,1.0,False
target_hospital,6,bassinet,1,13,160634,0.983289,1.0,False
target_hospital,7,flower,0,0,9502,1.0,1.0,False
target_hospital,8,dispenser,0,2,3559,1.0,1.0,False
target_hospital,9,food,0,6,9659,1.0,1.0,False
target_hospital,10,box,0,8,1716,1.0,1.0,False
target_hospital,11,machine,0,10,34174,1.0,1.0,False
target_kitchen_IDS01,3,toaster,1,51,3,0.000934,1.0,False
target_kitchen_IDS01,5,cabinet,1,43,36345,0.387316,1.0,False
target_kitchen_IDS01,6,chair,1,42,4420,0.098126,1.0,False
target_kitchen_IDS01,7,cabinet,1,37,21977,0.511998,1.0,False
target_kitchen_IDS01,8,chair,1,36,4771,0.095431,1.0,False
target_kitchen_IDS01,9,dishwasher,1,34,8029,0.3345,1.0,False
target_kitchen_IDS01,12,stove,1,28,9844,0.300801,1.0,False
target_kitchen_IDS01,13,table,1,26,54819,0.460428,1.0,False
target_kitchen_IDS01,14,napkin,1,25,750,0.363196,1.0,False
target_kitchen_IDS01,15,chair,1,23,4896,0.0903,1.0,False
target_kitchen_IDS01,16,bowl,1,22,28,0.018457,1.0,False
target_kitchen_IDS01,17,basket,1,18,1888,0.445283,1.0,False
target_kitchen_IDS01,18,plate,1,16,1684,0.73957,1.0,False
target_kitchen_IDS01,19,plate,1,14,1735,1.0,1.0,False
target_kitchen_IDS01,20,counter,1,13,32625,0.618085,1.0,False
target_kitchen_IDS01,21,plant,1,8,22281,0.642067,1.0,False
target_kitchen_IDS01,22,drawer,1,55,30722,0.946515,1.0,False
target_kitchen_IDS01,23,microwave,0,0,14069,0.974712,1.0,False
target_kitchen_IDS01,24,blender,0,31,3226,1.0,1.0,False
target_kitchen_IDS01,25,chair,0,54,54456,1.0,1.0,False
target_kitchen_IDS01,26,plate,0,53,658,0.374502,1.0,False
target_kitchen_IDS01,27,bowl,0,52,1710,1.0,1.0,False
target_kitchen_IDS01,28,phone,0,49,2089,1.0,1.0,False
target_kitchen_IDS01,29,chair,0,48,37076,0.996479,1.0,False
target_kitchen_IDS01,30,utensil,0,47,462,1.0,1.0,False
target_kitchen_IDS01,31,utensil,0,46,757,1.0,1.0,False
target_kitchen_IDS01,32,paper_towel,0,45,1684,1.0,1.0,False
target_kitchen_IDS01,33,kettle,0,41,1562,1.0,1.0,False
target_kitchen_IDS01,34,kettle,0,40,1996,1.0,1.0,False
target_kitchen_IDS01,35,plant,0,39,6730,0.964598,1.0,False
target_kitchen_IDS01,36,sink,0,35,4255,0.982452,1.0,False
target_kitchen_IDS01,37,cabinet,0,33,32063,0.997077,1.0,False
target_kitchen_IDS01,38,knife,0,29,1511,1.0,1.0,False
target_kitchen_IDS01,39,chair,0,2,55675,1.0,1.0,False
target_kitchen_IDS01,40,cabinet,0,27,100938,0.996141,1.0,False
target_kitchen_IDS01,41,window,0,24,26653,1.0,1.0,False
target_kitchen_IDS01,42,towel,0,21,3312,1.0,1.0,False
target_kitchen_IDS01,43,basket,0,20,4556,1.0,1.0,False
target_kitchen_IDS01,44,bottle,0,17,3907,1.0,1.0,False
target_kitchen_IDS01,45,plant,0,15,2748,1.0,1.0,False
target_kitchen_IDS01,46,container,0,12,4327,1.0,1.0,False
target_kitchen_IDS01,47,ceiling_light,0,11,1479,1.0,1.0,False
target_kitchen_IDS01,48,napkin,0,10,483,1.0,1.0,False
target_kitchen_IDS01,49,drawer,0,9,4672,1.0,1.0,False
target_kitchen_IDS01,50,coffee_maker,0,7,5462,1.0,1.0,False
target_kitchen_IDS01,51,utensil,0,6,641,1.0,1.0,False
target_kitchen_IDS01,52,utensil,0,4,654,1.0,1.0,False
target_kitchen_IDS01,53,napkin,0,56,1930,1.0,1.0,False
target_laboratory_IDS01,2,counter,1,29,100684,0.532356,1.0,False
target_laboratory_IDS01,3,sink,1,22,642,0.021912,1.0,False
target_laboratory_IDS01,4,fridge,1,17,2694,0.296892,1.0,False
target_laboratory_IDS01,5,wire,1,2,2455,0.290361,1.0,False
target_laboratory_IDS01,6,machine,1,15,46935,0.965363,1.0,False
target_laboratory_IDS01,7,cabinet,1,14,17646,0.49423,1.0,False
target_laboratory_IDS01,8,poster,1,12,6510,1.0,1.0,False
target_laboratory_IDS01,9,counter,1,11,5259,0.464658,1.0,False
target_laboratory_IDS01,10,canister,1,9,13614,0.971318,1.0,False
target_laboratory_IDS01,11,machine,1,8,66489,0.911595,1.0,False
target_laboratory_IDS01,12,counter,1,33,106879,0.83406,0.999953,False
target_laboratory_IDS01,13,ceiling_light,0,1,3231,1.0,1.0,False
target_laboratory_IDS01,14,fire_extinguisher,0,18,1684,0.994684,1.0,False
target_laboratory_IDS01,15,ceiling_light,0,28,3331,1.0,1.0,False
target_laboratory_IDS01,16,fax,0,27,2938,1.0,1.0,False
target_laboratory_IDS01,17,fire_sprinkler,0,26,284,1.0,1.0,False
target_laboratory_IDS01,18,poster,0,24,11122,1.0,1.0,False
target_laboratory_IDS01,19,machine,0,20,12480,1.0,1.0,False
target_laboratory_IDS01,20,fridge,0,19,17206,1.0,1.0,False
target_laboratory_IDS01,21,ceiling_light,0,16,3273,1.0,1.0,False
target_laboratory_IDS01,22,machine,0,3,1464,1.0,1.0,False
target_laboratory_IDS01,23,machine,0,13,44676,1.0,1.0,False
target_laboratory_IDS01,24,chair,0,10,10035,0.95699,1.0,False
target_laboratory_IDS01,25,outlet,0,7,5465,1.0,1.0,False
target_laboratory_IDS01,26,cabinet,0,6,20064,0.998507,1.0,False
target_laboratory_IDS01,27,fire_sprinkler,0,5,178,1.0,1.0,False
target_laboratory_IDS01,28,machine,0,4,1292,1.0,1.0,False
target_laboratory_IDS01,29,computer,0,30,4883,1.0,1.0,False
target_laundryroom,1,basket,1,5,3754,0.063288,1.0,False
target_laundryroom,2,shelf,1,6,68149,0.711694,1.0,False
target_laundryroom,3,table,1,7,49075,0.995416,1.0,False
target_laundryroom,4,cabinet,1,14,31650,0.950365,1.0,False
target_laundryroom,5,shelf,1,15,33249,0.750932,1.0,False
target_laundryroom,6,paper_towel,1,16,4126,0.804445,1.0,False
target_laundryroom,7,jar,1,22,1578,0.852052,1.0,False
target_laundryroom,8,bottle,1,25,1513,0.909255,1.0,False
target_laundryroom,9,cabinet,1,28,96348,0.890569,1.0,False
target_laundryroom,11,washing_machine,1,32,54335,0.680438,1.0,False
target_laundryroom,12,box,1,42,2886,1.0,1.0,False
target_laundryroom,13,shelf,1,46,18586,0.768429,1.0,False
target_laundryroom,14,paper_towel,0,0,3542,1.0,1.0,False
target_laundryroom,15,bottle,0,1,1750,1.0,1.0,False
target_laundryroom,16,washing_machine,0,45,80528,0.998946,1.0,False
target_laundryroom,17,towel,0,44,26447,1.0,1.0,False
target_laundryroom,18,towel,0,43,3782,1.0,1.0,False
target_laundryroom,19,jar,0,41,1033,1.0,1.0,False
target_laundryroom,20,iron,0,40,7689,1.0,1.0,False
target_laundryroom,21,bottle,0,39,1726,1.0,1.0,False
target_laundryroom,22,brush,0,37,1358,1.0,1.0,False
target_laundryroom,23,bottle,0,36,1963,0.968904,1.0,False
target_laundryroom,24,bottle,0,35,1781,1.0,1.0,False
target_laundryroom,25,towel,0,34,1344,0.974619,1.0,False
target_laundryroom,26,bottle,0,33,2136,1.0,1.0,False
target_laundryroom,27,sink,0,29,1636,1.0,1.0,False
target_laundryroom,28,towel,0,27,1657,0.942013,1.0,False
target_laundryroom,29,towel,0,26,406,0.810379,1.0,False
target_laundryroom,30,towel,0,24,1237,0.985657,1.0,False
target_laundryroom,31,towel,0,23,2077,0.976493,1.0,False
target_laundryroom,32,jar,0,21,2836,1.0,1.0,False
target_laundryroom,33,cabinet,0,20,65341,0.999755,1.0,False
target_laundryroom,34,towel,0,19,1522,0.971903,1.0,False
target_laundryroom,35,bottle,0,18,3236,1.0,1.0,False
target_laundryroom,36,towel,0,17,1541,1.0,1.0,False
target_laundryroom,37,bottle,0,13,3884,1.0,1.0,False
target_laundryroom,38,bottle,0,12,2172,1.0,1.0,False
target_laundryroom,39,towel,0,11,1615,1.0,1.0,False
target_laundryroom,40,brush,0,10,936,1.0,1.0,False
target_laundryroom,41,towel,0,9,1641,1.0,1.0,False
target_laundryroom,42,towel,0,8,3318,1.0,1.0,False
target_laundryroom,43,bottle,0,3,1502,1.0,1.0,False
target_laundryroom,44,brush,0,2,761,1.0,1.0,False
target_laundryroom,45,towel,0,47,732,1.0,1.0,False
target_library,1,fish,1,3,1171,0.936051,1.0,False
target_library,2,shelf,1,4,21826,0.667543,1.0,False
target_library,4,shelves,1,15,63393,0.856871,1.0,False
target_library,6,table,1,20,35135,0.718272,1.0,False
target_library,7,desk,1,23,40234,0.847906,1.0,False
target_library,9,shelves,1,29,19547,0.914565,1.0,False
target_library,10,poster,0,0,4013,0.999253,1.0,False
target_library,11,poster,0,14,2565,1.0,1.0,False
target_library,12,printer,0,26,753,1.0,1.0,False
target_library,13,poster,0,22,2283,1.0,1.0,False
target_library,14,poster,0,21,2443,1.0,1.0,False
target_library,15,poster,0,18,672,1.0,1.0,False
target_library,16,beam,0,17,271701,1.0,1.0,False
target_library,17,poster,0,16,1400,1.0,1.0,False
target_library,18,poster,0,13,3060,1.0,1.0,False
target_library,19,couch,0,2,16496,1.0,1.0,False
target_library,20,poster,0,12,2429,1.0,1.0,False
target_library,21,figurine,0,11,9819,1.0,1.0,False
target_library,22,poster,0,10,4505,1.0,1.0,False
target_library,23,sign,0,9,344,1.0,1.0,False
target_library,24,books,0,6,5810,1.0,1.0,False
target_library,25,poster,0,5,466,1.0,1.0,False
target_library,26,table,0,28,23036,1.0,1.0,False
target_livingroom_IDS01,2,tv_stand,1,29,8458,0.730902,1.0,False
target_livingroom_IDS01,3,fireplace,1,26,31893,0.92481,1.0,False
target_livingroom_IDS01,4,decoration,1,25,991,0.99498,1.0,False
target_livingroom_IDS01,5,plant,1,21,23440,0.990409,1.0,False
target_livingroom_IDS01,6,blind,1,15,12222,0.704926,1.0,False
target_livingroom_IDS01,7,couch,1,6,14001,0.667509,1.0,False
target_livingroom_IDS01,8,stair_rail,1,12,247,1.0,1.0,False
target_livingroom_IDS01,9,pillow,1,10,196,0.03656,1.0,False
target_livingroom_IDS01,10,pillow,1,9,1212,0.1697,1.0,False
target_livingroom_IDS01,11,pillow,1,8,1489,0.449306,1.0,False
target_livingroom_IDS01,12,cable_box,1,7,1127,0.745864,1.0,False
target_livingroom_IDS01,13,decoration,1,31,1313,0.413674,1.0,False
target_livingroom_IDS01,14,decoration,0,1,19299,0.988476,1.0,False
target_livingroom_IDS01,15,trashcan,0,2,1246,1.0,1.0,False
target_livingroom_IDS01,16,tv,0,3,16252,0.999569,1.0,False
target_livingroom_IDS01,17,painting,0,5,14338,1.0,1.0,False
target_livingroom_IDS01,18,stair_rail,0,11,2669,1.0,1.0,False
target_livingroom_IDS01,19,plate,0,14,1287,1.0,1.0,False
target_livingroom_IDS01,20,candle,0,17,1004,1.0,1.0,False
target_livingroom_IDS01,21,mirror,0,18,8791,1.0,1.0,False
target_livingroom_IDS01,22,couch,0,19,116284,1.0,1.0,False
target_livingroom_IDS01,23,painting,0,22,11474,1.0,1.0,False
target_livingroom_IDS01,24,door,0,23,77135,0.999909,0.999909,False
target_livingroom_IDS01,25,dvd_player,0,24,1310,1.0,1.0,False
target_livingroom_IDS01,26,ceiling_light,0,27,210,1.0,1.0,False
target_livingroom_IDS01,27,lamp,0,30,6491,1.0,1.0,False
target_livingroom_IDS01,28,ceiling_light,0,32,206,1.0,1.0,False
target_marsh,2,plant,1,5,12110,0.503011,1.0,False
target_marsh,3,plants,1,9,164754,0.799156,1.0,False
target_marsh,4,water,1,10,195291,0.921358,1.0,False
target_marsh,5,tree,0,1,132981,1.0,1.0,False
target_marsh,6,tree,0,3,2861,1.0,1.0,False
target_marsh,7,tree,0,4,1528,1.0,1.0,False
target_marsh,8,tree,0,6,1331,1.0,1.0,False
target_marsh,9,tree,0,7,1564,1.0,1.0,False
target_marsh,10,tree,0,8,90191,0.999978,0.999978,False
target_mediaroom,1,chair,1,1,10022,0.248118,1.0,False
target_mediaroom,2,chair,1,2,14398,0.844903,1.0,False
target_mediaroom,3,flower,1,5,173,0.078387,1.0,False
target_mediaroom,4,dvd_player,1,8,679,0.936552,1.0,False
target_mediaroom,5,chair,1,10,7288,0.362605,1.0,False
target_mediaroom,6,chair,1,13,18940,0.538267,1.0,False
target_mediaroom,7,couch,1,20,62837,0.759727,1.0,False
target_mediaroom,8,table,1,22,8300,0.652824,1.0,False
target_mediaroom,9,window,1,24,46312,0.903014,1.0,False
target_mediaroom,10,television,1,28,14188,0.990367,1.0,False
target_mediaroom,11,couch,1,30,8266,0.962506,1.0,False
target_mediaroom,12,table,1,33,23527,0.810242,1.0,False
target_mediaroom,13,chair,0,0,26779,1.0,1.0,False
target_mediaroom,14,decoration,0,3,933,1.0,1.0,False
target_mediaroom,15,decoration,0,42,1368,1.0,1.0,False
target_mediaroom,17,decoration,0,40,418,1.0,1.0,False
target_mediaroom,18,decoration,0,39,939,1.0,1.0,False
target_mediaroom,20,decoration,0,36,1172,1.0,1.0,False
target_mediaroom,21,decoration,0,35,928,1.0,1.0,False
target_mediaroom,22,decoration,0,34,538,1.0,1.0,False
target_mediaroom,23,decoration,0,32,1354,0.979031,1.0,False
target_mediaroom,24,decoration,0,31,1280,1.0,1.0,False
target_mediaroom,25,decoration,0,27,516,0.938182,1.0,False
target_mediaroom,26,lamp,0,25,2954,1.0,1.0,False
target_mediaroom,27,decoration,0,23,292,1.0,1.0,False
target_mediaroom,29,lamp,0,18,6088,1.0,1.0,False
target_mediaroom,30,decoration,0,16,778,1.0,1.0,False
target_mediaroom,32,table,0,14,118277,0.989219,1.0,False
target_mediaroom,33,decoration,0,12,4842,1.0,1.0,False
target_mediaroom,34,decoration,0,11,2928,1.0,1.0,False
target_mediaroom,35,decoration,0,9,2085,1.0,1.0,False
target_mediaroom,36,decoration,0,7,1259,1.0,1.0,False
target_mediaroom,37,card,0,4,1289,1.0,1.0,False
target_mediaroom,38,vase,0,43,3700,1.0,1.0,False
target_mountain,2,bridge,1,4,1,0.000127,1.0,False
target_mountain,3,river,1,7,166513,0.999316,1.0,False
target_mountain,4,mountain,1,8,71955,0.685325,1.0,False
target_mountain,5,mountain,1,9,294815,0.915862,1.0,False
target_mountain,6,tree,0,0,18207,1.0,1.0,False
target_mountain,7,cloud,0,5,10044,1.0,1.0,False
target_mountain,8,tree,0,6,8877,1.0,1.0,False
target_nursery,1,decoration,1,0,2159,0.937066,1.0,False
target_nursery,3,picture,1,3,1894,0.82098,1.0,False
target_nursery,4,shelf,1,4,1919,0.638178,1.0,False
target_nursery,5,decoration,1,5,524,0.639805,1.0,False
target_nursery,6,shelf,1,6,2034,0.831902,1.0,False
target_nursery,7,basket,1,10,2824,0.994366,1.0,False
target_nursery,8,table,1,11,10831,0.76162,1.0,False
target_nursery,9,lamp,1,13,1976,0.749336,1.0,False
target_nursery,10,plant,1,14,719,0.942333,1.0,False
target_nursery,11,basket,1,18,2243,0.815933,1.0,False
target_nursery,12,picture,1,22,2027,0.668756,1.0,False
target_nursery,13,chair,1,27,38133,0.870577,1.0,False
target_nursery,14,curtain,0,1,60776,1.0,1.0,False
target_nursery,15,plant,0,8,1813,1.0,1.0,False
target_nursery,16,ottoman,0,15,20280,1.0,1.0,False
target_nursery,17,clock,0,16,1071,1.0,1.0,False
target_nursery,18,basket,0,17,3698,1.0,1.0,False
target_nursery,19,painting,0,19,78865,1.0,1.0,False
target_nursery,20,crib,0,20,111917,1.0,1.0,False
target_nursery,21,decoration,0,21,2959,1.0,1.0,False
target_nursery,22,shelf,0,24,3503,0.964748,1.0,False
target_nursery,23,books,0,25,2226,1.0,1.0,False
target_nursery,24,decoration,0,26,3871,1.0,1.0,False
target_nursery,25,pillow,0,28,3654,1.0,1.0,False
target_nursery,26,plant,0,29,337,1.0,1.0,False
target_office_IDS01,2,board,1,3,15058,0.871917,1.0,False
target_office_IDS01,3,corkboard,1,33,5213,0.141785,1.0,False
target_office_IDS01,4,chairs,1,30,23817,0.816266,1.0,False
target_office_IDS01,5,drawer,1,29,13044,0.599421,1.0,False
target_office_IDS01,7,cubicle,1,24,91832,0.574029,1.0,False
target_office_IDS01,8,bag,1,23,4085,0.59635,1.0,False
target_office_IDS01,9,bag,1,16,5674,0.983874,1.0,False
target_office_IDS01,10,paper,1,14,13018,0.684401,1.0,False
target_office_IDS01,11,desk,1,12,35857,0.810694,1.0,False
target_office_IDS01,12,computer,1,10,6493,0.665539,1.0,False
target_office_IDS01,13,computer,1,9,4626,0.287991,1.0,False
target_office_IDS01,14,bookshelf,1,7,30667,0.85326,1.0,False
target_office_IDS01,15,binder,1,6,4946,0.702357,1.0,False
target_office_IDS01,16,desk,1,5,12684,0.522965,1.0,False
target_office_IDS01,17,drawer,1,38,35971,0.762938,1.0,False
target_office_IDS01,18,computer,0,0,6411,1.0,1.0,False
target_office_IDS01,19,stool,0,2,9541,1.0,1.0,False
target_office_IDS01,20,bottle,0,40,4985,1.0,1.0,False
target_office_IDS01,21,keyboard,0,39,844,0.946188,1.0,False
target_office_IDS01,22,chairs,0,37,35475,1.0,1.0,False
target_office_IDS01,23,bag,0,36,8167,1.000122,0.999878,False
target_office_IDS01,24,mouse,0,35,317,1.0,1.0,False
target_office_IDS01,25,whiteboard,0,34,21865,0.993412,1.0,False
target_office_IDS01,26,book,0,32,854,1.0,1.0,False
target_office_IDS01,27,bottle,0,31,2455,1.0,1.0,False
target_office_IDS01,28,poster,0,27,6767,1.0,1.0,False
target_office_IDS01,29,keyboard,0,26,611,0.920181,1.0,False
target_office_IDS01,30,picture,0,22,1963,1.0,1.0,False
target_office_IDS01,31,bottle,0,20,1549,1.0,1.0,False
target_office_IDS01,32,phone,0,19,2917,1.0,1.0,False
target_office_IDS01,33,binders,0,17,18171,1.0,1.0,False
target_office_IDS01,34,chairs,0,15,3197,1.0,1.0,False
target_office_IDS01,35,fan,0,13,3904,1.0,1.0,False
target_office_IDS01,36,mouse,0,11,159,1.0,1.0,False
target_office_IDS01,37,boxes,0,8,5496,1.0,1.0,False
target_office_IDS01,38,paper,0,4,1505,1.0,1.0,False
target_office_IDS01,39,keyboard,0,41,639,1.0,1.0,False
target_park,1,tree,1,5,24183,0.276849,1.0,False
target_park,2,tree,1,12,28052,0.407377,1.0,False
target_park,3,tree,1,14,51211,0.807757,1.0,False
target_park,4,trashcan,1,16,475,0.865209,1.0,False
target_park,5,bench,1,20,814,0.545576,1.0,False
target_park,6,walkway,1,22,52237,0.957441,0.999981,False
target_park,7,tree,0,0,65819,1.0,1.0,False
target_park,8,trashcan,0,1,314,0.786967,1.0,False
target_park,9,bench,0,2,1806,1.0,1.0,False
target_park,10,gazebo,0,3,9171,1.0,1.0,False
target_park,11,tree,0,4,74534,0.989092,1.0,False
target_park,12,bushes,0,6,11023,1.0,1.0,False
target_park,13,tree,0,9,1856,1.0,1.0,False
target_park,14,bench,0,10,25076,1.00004,0.99996,False
target_park,15,tree,0,11,59453,1.0,1.0,False
target_park,16,bench,0,13,378,1.0,1.0,False
target_park,17,tree,0,15,4065,1.0,1.0,False
target_park,18,tree,0,19,1239,1.0,1.0,False
target_park,19,bench,0,21,5072,1.0,1.0,False
target_parkinglot,1,building,1,2,12221,0.314999,1.0,False
target_parkinglot,3,buildings,1,7,15279,0.493492,1.0,False
target_parkinglot,5,building,1,10,14493,0.815405,1.0,False
target_parkinglot,6,car,1,13,27,0.01767,1.0,False
target_parkinglot,7,building,1,14,16652,0.632242,1.0,False
target_parkinglot,8,building,1,22,10015,0.817418,1.0,False
target_parkinglot,9,railroad,0,0,61245,0.96423,1.0,False
target_parkinglot,10,pole,0,1,414,0.831325,1.0,False
target_parkinglot,11,pavement,0,4,219136,0.882361,1.0,False
target_parkinglot,12,car,0,5,7060,1.0,1.0,False
target_parkinglot,13,pole,0,6,326,1.0,1.0,False
target_parkinglot,14,pole,0,9,2202,1.0,1.0,False
target_parkinglot,15,pole,0,11,915,0.776081,1.0,False
target_parkinglot,16,pole,0,12,1249,0.962992,1.0,False
target_parkinglot,17,car,0,15,1202,1.0,1.0,False
target_parkinglot,18,railroad,0,16,26425,0.952321,1.0,False
target_parkinglot,19,car,0,18,7102,1.0,1.0,False
target_parkinglot,20,car,0,19,5909,1.0,1.0,False
target_parkinglot,21,building,0,20,3302,1.0,1.0,False
target_parkinglot,22,car,0,21,12179,1.0,1.0,False
target_patio,1,chair,1,1,5215,0.416068,1.0,False
target_patio,3,table,1,6,1186,0.382704,1.0,False
target_patio,4,flower,1,10,4,0.00108,1.0,False
target_patio,5,bush,1,13,2830,0.333176,1.0,False
target_patio,6,table,1,14,5857,0.351244,1.0,False
target_patio,8,tree,1,17,43868,0.372356,1.0,False
target_patio,9,bushes,1,18,3443,0.3142,1.0,False
target_patio,10,fence,1,19,36324,0.678687,1.0,False
target_patio,11,tree,1,21,7306,0.979751,1.0,False
target_patio,12,house,1,23,76486,0.999503,1.0,False
target_patio,14,chair,0,2,1374,0.357906,1.0,False
target_patio,15,flower,0,4,6,0.000498,1.0,False
target_patio,17,flower,0,8,3086,0.382973,1.0,False
target_patio,18,rock,0,9,2386,1.0,1.0,False
target_patio,19,tree,0,11,248357,0.987409,1.0,False
target_patio,20,flower,0,12,1838,0.713509,1.0,False
target_patio,21,umbrella,0,15,6692,1.0,1.0,False
target_patio,22,chair,0,22,12312,0.422077,1.0,False
target_patio,23,tree,0,24,9550,0.985756,1.0,False
target_patio,24,bushes,0,25,3509,0.99943,0.99943,False
target_patio,25,pavement,0,26,259484,1.0,1.0,False
target_playground,1,sand,1,2,2730,0.40728,1.0,False
target_playground,2,tree,1,3,257752,0.960836,0.999988,False
target_playground,3,playground,1,4,32568,0.826914,1.0,False
target_playground,4,playground,1,7,21309,1.0,1.0,False
target_playground,5,sand,1,8,45480,0.706595,1.0,False
target_playground,6,playground,0,6,67482,1.0,1.0,False
target_pool_IDS01,3,table,1,39,75,0.001955,1.0,False
target_pool_IDS01,5,poolside,1,37,48280,0.511994,1.0,False
target_pool_IDS01,6,building,1,36,189242,0.813927,1.0,False
target_pool_IDS01,8,chair,1,32,56220,0.719165,1.0,False
target_pool_IDS01,9,pool,1,31,7700,0.735645,1.0,False
target_pool_IDS01,11,pillar,1,2,5733,1.0,1.0,False
target_pool_IDS01,12,pillar,1,23,4878,0.905513,1.0,False
target_pool_IDS01,13,chair,1,21,877,0.026737,1.0,False
target_pool_IDS01,14,chair,1,19,7236,0.865136,1.0,False
target_pool_IDS01,15,poolside,1,16,54293,0.841256,1.0,False
target_pool_IDS01,16,walkway,1,15,44899,0.776396,0.999955,False
target_pool_IDS01,17,plate,1,3,4801,0.930066,1.0,False
target_pool_IDS01,18,towel,1,43,1121,1.0,1.0,False
target_pool_IDS01,19,light,0,0,669,1.0,1.0,False
target_pool_IDS01,20,pillar,0,18,1471,1.0,1.0,False
target_pool_IDS01,21,railing,0,41,359,0.986264,1.0,False
target_pool_IDS01,22,light,0,40,196,1.0,1.0,False
target_pool_IDS01,23,light,0,34,208,1.0,1.0,False
target_pool_IDS01,24,chair,0,33,1288,1.0,1.0,False
target_pool_IDS01,25,pillar,0,30,1786,1.0,1.0,False
target_pool_IDS01,26,plant,0,29,50004,1.0,1.0,False
target_pool_IDS01,27,drink,0,27,3066,1.0,1.0,False
target_pool_IDS01,28,pillar,0,26,4021,1.0,1.0,False
target_pool_IDS01,29,utensil,0,24,429,1.0,1.0,False
target_pool_IDS01,30,pillar,0,20,3711,1.0,1.0,False
target_pool_IDS01,31,door,0,17,7786,1.0,1.0,False
target_pool_IDS01,32,railing,0,4,557,1.0,1.0,False
target_pool_IDS01,33,light,0,14,1779,1.0,1.0,False
target_pool_IDS01,34,towel,0,13,490,1.0,1.0,False
target_pool_IDS01,35,plant,0,12,3047,1.0,1.0,False
target_pool_IDS01,36,plant,0,11,4597,1.0,1.0,False
target_pool_IDS01,37,hat,0,10,9478,1.0,1.0,False
target_pool_IDS01,38,drink,0,9,3393,1.0,1.0,False
target_pool_IDS01,39,pillar,0,8,4756,0.973593,1.0,False
target_pool_IDS01,40,towel,0,7,7035,1.0,1.0,False
target_pool_IDS01,41,pillar,0,6,4830,1.0,1.0,False
target_pool_IDS01,42,light,0,5,177,1.0,1.0,False
target_pool_IDS01,43,chair,0,42,1382,1.0,1.0,False
target_porch,1,window,1,0,11661,0.913514,1.0,False
target_porch,2,fireplace,1,38,30053,0.827564,1.0,False
target_porch,3,chair,1,33,46318,0.550056,1.0,False
target_porch,4,plant,1,32,2034,0.285273,1.0,False
target_porch,5,plant,1,30,68749,0.896968,1.0,False
target_porch,6,plant,1,25,663,0.314516,1.0,False
target_porch,7,plant,1,22,1525,0.580952,1.0,False
target_porch,8,plant,1,20,1222,0.45614,1.0,False
target_porch,9,lamp,1,18,33605,0.995527,1.0,False
target_porch,10,window,1,16,5054,0.847418,1.0,False
target_porch,11,plant,1,13,673,0.536255,1.0,False
target_porch,12,window,1,12,3500,0.996583,1.0,False
target_porch,13,plant,1,10,6078,1.0,1.0,False
target_porch,14,plant,1,8,34295,0.9437,1.0,False
target_porch,15,plant,1,7,2586,0.503505,1.0,False
target_porch,16,window,1,6,5490,0.99187,1.0,False
target_porch,17,window,1,5,5091,0.720696,1.0,False
target_porch,18,lamp,1,4,1074,1.0,1.0,False
target_porch,19,door,1,3,74305,0.521951,1.0,False
target_porch,20,window,1,39,6325,0.991535,1.0,False
target_porch,21,chair,0,2,13319,0.999925,0.999925,False
target_porch,22,plant,0,9,7303,1.0,1.0,False
target_porch,23,table,0,11,8827,0.99966,1.0,False
target_porch,24,plant,0,14,7010,1.0,1.0,False
target_porch,25,chair,0,15,13669,1.0,1.0,False
target_porch,26,plant,0,17,7182,1.0,1.0,False
target_porch,27,plant,0,21,1541,1.0,1.0,False
target_porch,28,plant,0,24,2610,0.99847,1.0,False
target_porch,29,window,0,27,68055,1.0,1.0,False
target_porch,30,glass,0,29,2814,1.0,1.0,False
target_porch,31,plant,0,34,1262,1.0,1.0,False
target_porch,32,plant,0,35,1797,1.0,1.0,False
target_porch,33,glass,0,36,7977,1.0,1.0,False
target_porch,34,glass,0,37,2517,1.0,1.0,False
target_porch,35,ottoman,0,40,10176,1.0,1.0,False
target_postoffice,1,supplies,1,0,122,0.024903,1.0,False
target_postoffice,2,counter,1,5,200183,0.811157,1.0,False
target_postoffice,3,window,1,6,20392,0.865131,1.0,False
target_postoffice,4,tape,1,12,4824,0.893499,1.0,False
target_postoffice,5,sign,1,14,8685,0.823691,1.0,False
target_postoffice,6,window,1,15,34300,0.931104,1.0,False
target_postoffice,7,supplies,1,17,1652,0.900272,1.0,False
target_postoffice,8,paper,1,25,3934,0.516612,1.0,False
target_postoffice,9,supplies,1,30,10467,0.64195,1.0,False
target_postoffice,10,sign,1,34,11030,1.0,1.0,False
target_postoffice,11,ceiling_light,0,1,19462,1.0,1.0,False
target_postoffice,12,paper,0,22,3035,1.0,1.0,False
target_postoffice,13,paper,0,32,6640,1.0,1.0,False
target_postoffice,14,sign,0,31,13163,1.0,1.0,False
target_postoffice,15,sign,0,29,638,1.0,1.0,False
target_postoffice,16,paper,0,28,1552,1.0,1.0,False
target_postoffice,17,ceiling_light,0,27,6720,1.0,1.0,False
target_postoffice,18,camera,0,26,722,1.0,1.0,False
target_postoffice,19,supplies,0,24,2271,1.0,1.0,False
target_postoffice,20,supplies,0,23,738,1.0,1.0,False
target_postoffice,21,supplies,0,20,1651,1.0,1.0,False
target_postoffice,22,paper,0,3,8383,1.0,1.0,False
target_postoffice,23,paper,0,18,4999,1.0,1.0,False
target_postoffice,24,ceiling_light,0,16,3894,1.0,1.0,False
target_postoffice,25,camera,0,13,538,1.0,1.0,False
target_postoffice,26,shelf,0,11,27899,1.0,1.0,False
target_postoffice,27,paper,0,9,4315,1.0,1.0,False
target_postoffice,28,sign,0,8,14343,1.0,1.0,False
target_postoffice,29,paper,0,7,34824,1.0,1.0,False
target_postoffice,30,ceiling_light,0,4,9833,1.0,1.0,False
target_postoffice,31,camera,0,33,363,1.0,1.0,False
target_prairie,1,building,1,3,32865,0.457513,1.0,False
target_prairie,2,tree,1,5,44209,0.915907,1.0,False
target_prairie,3,machine,1,8,12029,0.866705,1.0,False
target_prairie,4,machine,1,11,5085,0.281063,1.0,False
target_prairie,5,building,1,13,101212,0.912881,1.0,False
target_prairie,6,machine,1,15,6846,0.942326,1.0,False
target_prairie,7,machine,0,2,2486,1.0,1.0,False
target_prairie,8,machine,0,4,39205,1.0,1.0,False
target_prairie,9,machine,0,6,20648,1.0,1.0,False
target_prairie,10,gravel,0,9,13527,1.0,1.0,False
target_prairie,11,machine,0,10,14827,1.0,1.0,False
target_prairie,12,machine,0,12,8666,1.0,1.0,False
target_prairie,13,tree,0,14,18279,1.0,1.0,False
target_racetrack,1,road,1,1,404616,0.731991,1.0,False
target_racetrack,2,car,1,2,4676,0.165622,1.0,False
target_racetrack,3,guardrail,1,4,5506,0.268651,1.0,False
target_racetrack,4,car,1,13,19003,0.841846,1.0,False
target_racetrack,5,car,1,14,19544,0.815591,1.0,False
target_racetrack,6,dirt,1,15,80456,0.97668,1.0,False
target_racetrack,7,guardrail,1,16,14458,0.752825,1.0,False
target_racetrack,8,car,0,0,15722,1.0,1.0,False
target_racetrack,9,car,0,5,28289,0.999117,1.0,False
target_racetrack,10,guardrail,0,6,37336,0.999652,1.0,False
target_racetrack,11,speaker,0,7,14247,1.0,1.0,False
target_racetrack,12,guardrail,0,8,9228,1.0,1.0,False
target_racetrack,13,guardrail,0,9,5001,1.0,1.0,False
target_racetrack,14,car,0,10,17623,1.0,1.0,False
target_racetrack,15,car,0,12,35683,1.0,1.0,False
target_ranch,1,hill,1,2,34483,0.395103,1.0,False
target_ranch,2,fence,1,3,5290,0.98971,1.0,False
target_ranch,3,building,1,4,22380,0.81927,1.0,False
target_ranch,4,building,1,5,21787,0.706728,1.0,False
target_ranch,5,cloud,1,7,3972,1.0,1.0,False
target_ranch,6,building,1,9,10839,1.0,1.0,False
target_ranch,7,water,1,12,90948,0.650283,1.0,False
target_ranch,8,cloud,1,18,15968,0.90118,1.0,False
target_ranch,9,building,1,23,3565,1.0,1.0,False
target_ranch,10,cloud,1,26,1619,1.0,1.0,False
target_ranch,11,bushes,1,27,36960,0.929741,1.0,False
target_ranch,12,hill,0,1,84209,1.0,1.0,False
target_ranch,13,bush,0,6,470,1.0,1.0,False
target_ranch,14,cloud,0,8,4335,1.0,1.0,False
target_ranch,15,cloud,0,10,20577,1.0,1.0,False
target_ranch,16,building,0,11,15109,1.0,1.0,False
target_ranch,17,fence,0,13,3334,1.0,1.0,False
target_ranch,18,bush,0,14,10922,1.0,1.0,False
target_ranch,19,cloud,0,15,3401,1.0,1.0,False
target_ranch,20,bush,0,16,267,1.0,1.0,False
target_ranch,21,bush,0,19,7755,0.997556,1.0,False
target_ranch,22,bush,0,20,647,1.0,1.0,False
target_ranch,23,bush,0,21,1589,1.0,1.0,False
target_ranch,24,bush,0,22,13811,1.0,1.0,False
target_ranch,25,fence,0,24,10512,1.0,1.0,False
target_ranch,26,cloud,0,28,8944,1.0,1.0,False
target_ranch,27,cloud,0,29,1510,1.0,1.0,False
target_recordingstudio,1,speaker,1,18,6204,0.411269,1.0,False
target_recordingstudio,3,door,1,28,4481,0.483805,1.0,False
target_recordingstudio,4,table,1,26,5880,0.551957,1.0,False
target_recordingstudio,5,doorway,1,25,19005,0.914669,1.0,False
target_recordingstudio,6,machine,1,24,4294,0.334554,1.0,False
target_recordingstudio,7,rug,1,23,8017,0.116545,1.0,False
target_recordingstudio,8,machine,1,22,7683,0.286925,1.0,False
target_recordingstudio,9,machine,1,19,9036,0.916244,1.0,False
target_recordingstudio,10,doorway,1,17,21888,0.920592,1.0,False
target_recordingstudio,11,machine,1,1,39566,0.905297,1.0,False
target_recordingstudio,12,rug,1,16,4596,0.885891,1.0,False
target_recordingstudio,13,speaker,1,14,2343,0.107933,1.0,False
target_recordingstudio,14,machine,1,12,72128,0.741325,1.0,False
target_recordingstudio,15,door,1,10,10238,0.9867,1.0,False
target_recordingstudio,16,machine,1,8,22236,0.953148,1.0,False
target_recordingstudio,17,rug,1,7,4785,0.903342,1.0,False
target_recordingstudio,18,door,1,5,12456,0.811149,1.0,False
target_recordingstudio,19,rug,1,30,13681,0.876257,1.0,False
target_recordingstudio,20,machine,0,2,3859,0.657523,1.0,False
target_recordingstudio,21,guitar,0,3,3209,1.0,1.0,False
target_recordingstudio,22,guitar,0,4,1936,1.0,1.0,False
target_recordingstudio,23,speaker,0,9,3551,1.0,1.0,False
target_recordingstudio,24,microphone,0,11,19796,1.0,1.0,False
target_recordingstudio,25,speaker,0,13,2914,1.0,1.0,False
target_recordingstudio,26,speaker,0,21,2853,1.0,1.0,False
target_recordingstudio,27,drums,0,27,136097,1.0,1.0,False
target_recordingstudio,28,microphone,0,31,18571,1.0,1.0,False
target_refrigerator,1,fridge,1,38,289227,0.552196,1.0,False
target_refrigerator,2,door,1,17,74114,0.539556,1.0,False
target_refrigerator,3,food,1,37,6111,0.825253,1.0,False
target_refrigerator,4,food,1,35,4073,0.942824,1.0,False
target_refrigerator,5,door,1,31,82864,0.610245,1.0,False
target_refrigerator,6,bottle,1,28,5146,0.421976,1.0,False
target_refrigerator,7,bottle,1,25,3582,0.526455,1.0,False
target_refrigerator,8,bottle,1,20,414,0.084958,1.0,False
target_refrigerator,9,food,1,0,3250,0.991458,1.0,False
target_refrigerator,10,bottle,1,2,9536,1.0,1.0,False
target_refrigerator,11,food,1,11,1844,0.936516,1.0,False
target_refrigerator,12,food,1,10,12298,0.660473,1.0,False
target_refrigerator,13,food,1,8,9326,0.928884,1.0,False
target_refrigerator,14,sauce,1,7,13220,0.896697,1.0,False
target_refrigerator,15,bottle,1,6,21947,0.993751,1.0,False
target_refrigerator,16,bottle,1,3,2449,0.23539,1.0,False
target_refrigerator,17,food,1,14,1056,0.803653,1.0,False
target_refrigerator,18,food,0,1,2158,1.0,1.0,False
target_refrigerator,19,food,0,24,1428,0.990291,1.0,False
target_refrigerator,20,food,0,40,2945,0.996616,1.0,False
target_refrigerator,21,food,0,39,2812,1.0,1.0,False
target_refrigerator,22,vegetable,0,36,21386,1.0,1.0,False
target_refrigerator,23,food,0,34,2245,1.0,1.0,False
target_refrigerator,24,food,0,33,8634,1.0,1.0,False
target_refrigerator,25,food,0,32,17937,1.0,1.0,False
target_refrigerator,26,butter,0,30,4061,1.0,1.0,False
target_refrigerator,27,food,0,29,1558,1.0,1.0,False
target_refrigerator,28,bottle,0,27,4397,0.994122,1.0,False
target_refrigerator,29,food,0,26,63915,1.0,1.0,False
target_refrigerator,30,food,0,23,5656,1.0,1.0,False
target_refrigerator,31,food,0,4,2088,0.740163,1.0,False
target_refrigerator,32,whip_cream,0,22,11872,1.0,1.0,False
target_refrigerator,33,vegetable,0,21,11931,1.0,1.0,False
target_refrigerator,34,food,0,19,11491,1.0,1.0,False
target_refrigerator,35,olive,0,18,10911,1.0,1.0,False
target_refrigerator,36,bottle,0,16,1270,1.0,1.0,False
target_refrigerator,37,food,0,15,5379,1.0,1.0,False
target_refrigerator,38,bottle,0,13,4863,1.0,1.0,False
target_refrigerator,39,food,0,12,5412,1.0,1.0,False
target_refrigerator,40,vegetable,0,9,22379,1.0,1.0,False
target_refrigerator,41,ketchup,0,5,10529,1.0,1.0,False
target_refrigerator,42,food,0,41,8617,1.0,1.0,False
target_restaurant_IDS01,2,radiator,1,29,2901,0.547772,1.0,False
target_restaurant_IDS01,3,chair,1,54,6954,0.531448,1.0,False
target_restaurant_IDS01,4,chair,1,50,2121,0.161983,1.0,False
target_restaurant_IDS01,5,chair,1,47,12198,0.695122,1.0,False
target_restaurant_IDS01,6,chair,1,44,7790,0.638839,1.0,False
target_restaurant_IDS01,7,chair,1,36,4278,0.367715,1.0,False
target_restaurant_IDS01,8,chair,1,35,2277,0.216014,1.0,False
target_restaurant_IDS01,9,fireplace,1,31,19700,0.71289,1.0,False
target_restaurant_IDS01,10,chair,1,28,6272,0.834709,1.0,False
target_restaurant_IDS01,11,table,1,2,1102,0.13999,1.0,False
target_restaurant_IDS01,12,decoration,1,23,1261,0.943156,1.0,False
target_restaurant_IDS01,13,table,1,20,26,0.002544,1.0,False
target_restaurant_IDS01,14,curtain,1,18,161763,0.902947,1.0,False
target_restaurant_IDS01,15,door,1,16,15884,0.61897,1.0,False
target_restaurant_IDS01,16,utensil,1,11,39,0.017703,1.0,False
target_restaurant_IDS01,17,chair,1,10,5520,0.511775,1.0,False
target_restaurant_IDS01,18,table,1,9,16695,0.50522,1.0,False
target_restaurant_IDS01,19,chair,1,7,15246,0.971764,1.0,False
target_restaurant_IDS01,20,table,1,56,11597,0.564221,1.0,False
target_restaurant_IDS01,21,utensil,0,1,830,0.643411,1.0,False
target_restaurant_IDS01,22,plate,0,33,341,0.686117,1.0,False
target_restaurant_IDS01,23,plate,0,37,731,1.0,1.0,False
target_restaurant_IDS01,24,decoration,0,38,1431,1.0,1.0,False
target_restaurant_IDS01,25,plate,0,39,622,0.996795,1.0,False
target_restaurant_IDS01,26,chair,0,40,9722,1.0,1.0,False
target_restaurant_IDS01,27,plate,0,41,481,1.0,1.0,False
target_restaurant_IDS01,28,utensil,0,42,2805,1.0,1.0,False
target_restaurant_IDS01,29,plate,0,43,810,0.991432,1.0,False
target_restaurant_IDS01,30,chair,0,45,12728,0.999843,1.0,False
target_restaurant_IDS01,31,rug,0,46,26309,1.0,1.0,False
target_restaurant_IDS01,32,utensil,0,48,2939,0.988231,1.0,False
target_restaurant_IDS01,33,decoration,0,49,4650,1.0,1.0,False
target_restaurant_IDS01,34,utensil,0,51,3117,1.0,1.0,False
target_restaurant_IDS01,35,salt_and_pepper,0,52,403,1.0,1.0,False
target_restaurant_IDS01,36,plate,0,55,307,1.0,1.0,False
target_restaurant_IDS01,37,mirror,0,57,4988,1.0,1.0,False
target_restaurant_IDS01,38,plate,0,34,107,0.640719,1.0,False
target_restaurant_IDS01,39,plate,0,32,615,1.0,1.0,False
target_restaurant_IDS01,40,plate,0,3,316,1.0,1.0,False
target_restaurant_IDS01,41,utensil,0,30,3206,0.995961,1.0,False
target_restaurant_IDS01,42,utensil,0,4,3507,1.0,1.0,False
target_restaurant_IDS01,43,boat,0,5,3201,1.0,1.0,False
target_restaurant_IDS01,44,chair,0,6,5229,1.0,1.0,False
target_restaurant_IDS01,45,plate,0,8,236,0.979253,1.0,False
target_restaurant_IDS01,46,chair,0,12,7095,1.0,1.0,False
target_restaurant_IDS01,47,chair,0,13,5847,0.734271,1.0,False
target_restaurant_IDS01,48,utensil,0,14,2528,1.0,1.0,False
target_restaurant_IDS01,49,utensil,0,17,1221,1.0,1.0,False
target_restaurant_IDS01,50,plate,0,19,590,1.0,1.0,False
target_restaurant_IDS01,51,salt_and_pepper,0,21,227,1.0,1.0,False
target_restaurant_IDS01,52,cabinet,0,22,63702,1.0,1.0,False
target_restaurant_IDS01,53,lamp,0,24,8837,1.0,1.0,False
target_restaurant_IDS01,54,utensil,0,25,1116,1.0,1.0,False
target_restaurant_IDS01,55,picture,0,26,4309,1.0,1.0,False
target_restaurant_IDS01,56,plate,0,27,239,1.0,1.0,False
target_restaurant_IDS01,57,chair,0,58,9653,1.0,1.0,False
target_ruins,1,window,1,0,1899,1.0,1.0,False
target_ruins,2,window,0,2,4264,1.0,1.0,False
target_ruins,3,window,0,9,612,1.0,1.0,False
target_ruins,4,window,0,11,740,1.0,1.0,False
target_ruins,5,window,0,12,9594,1.0,1.0,False
target_sewingroom,1,supplies,1,0,11565,0.912282,1.0,False
target_sewingroom,2,desk,1,4,40937,0.412347,1.0,False
target_sewingroom,3,thread,1,10,17967,0.957066,1.0,False
target_sewingroom,4,door,1,11,39186,0.563341,1.0,False
target_sewingroom,5,ruler,1,12,5194,0.91702,1.0,False
target_sewingroom,6,sewing_machine,1,16,13299,0.730955,1.0,False
target_sewingroom,7,wires,1,17,16,0.001651,1.0,False
target_sewingroom,8,curtain,1,29,20348,0.3805,1.0,False
target_sewingroom,9,supplies,1,31,38646,0.90966,1.0,False
target_sewingroom,10,scissors,1,33,1050,0.790663,1.0,False
target_sewingroom,11,thread,1,35,23065,0.954401,1.0,False
target_sewingroom,12,bin,1,37,4888,0.723077,1.0,False
target_sewingroom,13,supplies,0,1,6067,0.985063,1.0,False
target_sewingroom,14,toolbox,0,2,3903,1.0,1.0,False
target_sewingroom,15,supplies,0,42,8114,0.997419,1.0,False
target_sewingroom,16,chair,0,41,50733,0.99817,1.0,False
target_sewingroom,17,bottle,0,40,1214,1.0,1.0,False
target_sewingroom,18,thermostat,0,38,1871,1.0,1.0,False
target_sewingroom,19,supplies,0,36,6623,1.0,1.0,False
target_sewingroom,20,ruler,0,32,2217,1.0,1.0,False
target_sewingroom,21,supplies,0,30,9945,1.0,1.0,False
target_sewingroom,22,bottle,0,28,1240,0.96875,1.0,False
target_sewingroom,23,books,0,26,18542,1.0,1.0,False
target_sewingroom,24,cloth,0,25,4179,1.0,1.0,False
target_sewingroom,25,bin,0,24,4730,0.976466,1.0,False
target_sewingroom,26,supplies,0,23,1195,1.0,1.0,False
target_sewingroom,27,measuring_tape,0,22,12009,1.0,1.0,False
target_sewingroom,28,bin,0,21,12964,1.0,1.0,False
target_sewingroom,29,books,0,20,29337,1.0,1.0,False
target_sewingroom,30,bottle,0,19,1201,1.0,1.0,False
target_sewingroom,31,bottle,0,18,1380,1.0,1.0,False
target_sewingroom,32,supplies,0,15,4849,1.0,1.0,False
target_sewingroom,33,supplies,0,13,5768,1.0,1.0,False
target_sewingroom,34,ruler,0,9,1342,1.0,1.0,False
target_sewingroom,35,books,0,8,30510,1.0,1.0,False
target_sewingroom,36,bin,0,7,4956,1.0,1.0,False
target_sewingroom,37,supplies,0,6,3665,0.999455,1.0,False
target_sewingroom,38,supplies,0,5,2472,1.0,1.0,False
target_sewingroom,39,cart,0,3,72810,1.0,1.0,False
target_sewingroom,40,bin,0,43,6235,1.0,1.0,False
target_skatepark,1,pavement,1,0,488278,0.784164,1.0,False
target_skatepark,2,tree,1,3,809,0.74631,1.0,False
target_skatepark,3,stairs,1,17,935,0.672178,1.0,False
target_skatepark,4,stairs,1,19,4209,0.880728,1.0,False
target_skatepark,5,tree,1,21,2905,0.802265,1.0,False
target_skatepark,6,bleacher,1,24,9566,0.888455,1.0,False
target_skatepark,7,fence,1,28,10705,0.98094,1.0,False
target_skatepark,8,rail,0,1,2353,1.0,1.0,False
target_skatepark,9,rail,0,4,93,1.0,1.0,False
target_skatepark,10,rail,0,31,442,1.0,1.0,False
target_skatepark,11,rail,0,30,362,1.0,1.0,False
target_skatepark,12,rail,0,29,739,1.0,1.0,False
target_skatepark,13,tree,0,27,1260,1.0,1.0,False
target_skatepark,14,rail,0,26,656,1.0,1.0,False
target_skatepark,15,rail,0,25,208,1.0,1.0,False
target_skatepark,16,ramp,0,23,1651,1.0,1.0,False
target_skatepark,17,tree,0,22,2268,1.0,1.0,False
target_skatepark,18,rail,0,20,7059,1.0,1.0,False
target_skatepark,19,rail,0,18,2160,0.998152,1.0,False
target_skatepark,20,rail,0,16,890,1.0,1.0,False
target_skatepark,21,rail,0,15,1232,0.834688,1.0,False
target_skatepark,22,tree,0,14,1146,1.0,1.0,False
target_skatepark,23,tree,0,13,62413,1.0,1.0,False
target_skatepark,24,tree,0,12,1686,1.0,1.0,False
target_skatepark,25,rail,0,11,2325,1.0,1.0,False
target_skatepark,26,tree,0,10,59584,0.999899,1.0,False
target_skatepark,27,rail,0,8,106,1.0,1.0,False
target_skatepark,28,rail,0,7,163,1.0,1.0,False
target_skatepark,29,rail,0,6,339,1.0,1.0,False
target_skatepark,30,stairs,0,5,14442,1.0,1.0,False
target_skatepark,31,tree,0,32,8027,1.0,1.0,False
target_soccerfield,2,building,1,3,2667,0.23694,1.0,False
target_soccerfield,4,hill,1,7,33549,0.463755,1.0,False
target_soccerfield,6,hill,1,12,18991,0.396025,1.0,False
target_soccerfield,7,hill,1,18,82948,0.909169,1.0,False
target_soccerfield,8,power_line,0,0,626,1.0,1.0,False
target_soccerfield,9,tree,0,8,8175,1.0,1.0,False
target_soccerfield,10,bleacher,0,10,4473,1.0,1.0,False
target_soccerfield,11,net,0,11,2159,1.0,1.0,False
target_soccerfield,12,bleacher,0,15,206791,1.0,1.0,False
target_soccerfield,13,tree,0,16,3914,1.0,1.0,False
target_soccerfield,14,power_line,0,17,2032,1.0,1.0,False
target_stable,1,beam,1,1,31207,0.805467,1.0,False
target_stable,2,wheelbarrow,1,27,1658,0.247684,1.0,False
target_stable,3,stable,1,26,71937,0.478935,1.0,False
target_stable,4,ceiling_light,1,25,2924,0.720907,1.0,False
target_stable,5,door,1,24,6141,1.0,1.0,False
target_stable,6,beam,1,23,7991,0.832136,1.0,False
target_stable,7,plant,1,20,2867,1.0,1.0,False
target_stable,8,stable,1,18,75771,0.761043,1.0,False
target_stable,9,stable,1,17,131704,0.80545,1.0,False
target_stable,10,equipment,1,16,2940,0.962672,1.0,False
target_stable,11,equipment,1,13,7153,0.899296,1.0,False
target_stable,12,ceiling_light,1,8,3674,0.804643,1.0,False
target_stable,13,plant,1,4,1801,0.690303,1.0,False
target_stable,14,beam,0,0,16563,1.0,1.0,False
target_stable,15,bells,0,3,241,1.0,1.0,False
target_stable,16,equipment,0,5,22417,1.0,1.0,False
target_stable,17,plant,0,6,8327,1.0,1.0,False
target_stable,18,bucket,0,9,1907,1.0,1.0,False
target_stable,19,equipment,0,11,9181,1.0,1.0,False
target_stable,20,equipment,0,12,38502,1.0,1.0,False
target_stable,21,bells,0,14,8413,1.0,1.0,False
target_stable,22,bells,0,15,1560,1.0,1.0,False
target_stable,23,equipment,0,19,7198,1.0,1.0,False
target_stable,24,equipment,0,21,4228,1.0,1.0,False
target_stable,25,bells,0,22,643,1.0,1.0,False
target_stream,1,tree,1,8,200217,0.982993,1.0,False
target_stream,2,rock,1,13,4611,1.0,1.0,False
target_stream,3,rock,1,15,3177,0.959529,1.0,False
target_stream,4,creek,1,18,44568,0.709264,1.0,False
target_stream,5,rock,0,1,1666,1.0,1.0,False
target_stream,6,rock,0,2,11668,1.0,1.0,False
target_stream,7,rock,0,3,19820,1.0,1.0,False
target_stream,8,rock,0,4,4052,1.0,1.0,False
target_stream,9,rock,0,5,8697,1.0,1.0,False
target_stream,10,rock,0,7,5616,0.997336,1.0,False
target_stream,11,tree,0,10,201391,1.0,1.0,False
target_stream,12,rock,0,12,14266,1.0,1.0,False
target_stream,13,rock,0,14,8413,1.0,1.0,False
target_stream,14,rock,0,16,4428,1.0,1.0,False
target_stream,15,rock,0,17,6954,1.0,1.0,False
target_street_IDS01,1,tree,1,0,92677,0.645639,1.0,False
target_street_IDS01,2,tree,1,1,15,0.003515,1.0,False
target_street_IDS01,3,street,1,35,121688,0.839424,1.0,False
target_street_IDS01,4,buildings,1,33,10406,0.311389,1.0,False
target_street_IDS01,5,rock,1,32,603,0.423753,1.0,False
target_street_IDS01,6,car,1,31,1126,0.462233,1.0,False
target_street_IDS01,7,buildings,1,28,9438,0.870423,1.0,False
target_street_IDS01,8,rocks,1,24,54909,0.738223,1.0,False
target_street_IDS01,9,sign,1,20,5624,0.53182,1.0,False
target_street_IDS01,10,buildings,1,19,90455,0.747296,1.0,False
target_street_IDS01,11,buildings,1,12,19037,1.0,1.0,False
target_street_IDS01,12,car,1,9,3615,0.603103,1.0,False
target_street_IDS01,13,buildings,1,6,42172,0.966782,1.0,False
target_street_IDS01,14,buildings,1,4,68839,0.905967,1.0,False
target_street_IDS01,15,fire_hydrant,1,37,2030,0.727338,1.0,False
target_street_IDS01,16,tree,0,3,5430,1.0,1.0,False
target_street_IDS01,17,tree,0,8,3460,1.0,1.0,False
target_street_IDS01,18,rocks,0,11,2537,1.0,1.0,False
target_street_IDS01,19,rock,0,13,1045,1.0,1.0,False
target_street_IDS01,20,tree,0,14,15348,1.0,1.0,False
target_street_IDS01,21,streetlight,0,16,3029,1.0,1.0,False
target_street_IDS01,22,rock,0,17,10664,1.0,1.0,False
target_street_IDS01,23,tree,0,18,5718,1.0,1.0,False
target_street_IDS01,24,stop_sign,0,22,1002,1.0,1.0,False
target_street_IDS01,25,rock,0,25,8232,1.0,1.0,False
target_street_IDS01,26,tree,0,27,4126,1.0,1.0,False
target_street_IDS01,27,fence,0,29,4421,1.0,1.0,False
target_street_IDS01,28,electricity,0,30,2671,1.0,1.0,False
target_subway,1,seat,1,1,19501,0.86238,1.0,False
target_subway,2,rail,1,2,19351,0.48876,1.0,False
target_subway,3,poster,1,22,1531,0.840747,1.0,False
target_subway,4,poster,1,20,2007,0.554573,1.0,False
target_subway,5,posters,1,19,36189,0.886659,1.0,False
target_subway,6,poster,1,18,11153,0.741654,1.0,False
target_subway,7,door,1,14,47910,0.843471,1.0,False
target_subway,8,seat,1,13,66059,0.939272,0.999939,False
target_subway,9,door,1,7,23360,0.917986,1.0,False
target_subway,10,poster,1,6,3686,0.994603,1.0,False
target_subway,11,door,1,5,67409,0.915299,1.0,False
target_subway,12,posters,1,3,17575,0.715216,0.999772,False
target_subway,13,seat,1,24,16873,0.936504,1.0,False
target_subway,14,window,0,0,24857,1.0,1.0,False
target_subway,15,rail,0,9,31514,1.0,1.0,False
target_subway,16,poster,0,12,14526,1.0,1.0,False
target_subway,17,poster,0,15,4443,1.0,1.0,False
target_subway,18,seat,0,17,9533,1.0,1.0,False
target_subway,19,rail,0,21,13860,1.0,1.0,False
target_subway,20,rail,0,23,22166,1.0,1.0,False
target_swamp,1,water,1,20,395071,0.698702,1.0,False
target_swamp,2,tree,1,2,11737,0.954538,1.0,False
target_swamp,3,tree,1,3,6219,0.610065,1.0,False
target_swamp,4,tree,1,4,27202,0.714751,1.0,False
target_swamp,5,wood,1,12,13250,0.963636,1.0,False
target_swamp,6,tree,1,13,10771,0.996853,1.0,False
target_swamp,7,tree,1,16,29117,0.998594,1.0,False
target_swamp,8,wood,1,18,2745,0.980707,1.0,False
target_swamp,9,wood,0,0,1663,1.0,1.0,False
target_swamp,10,tree,0,5,5383,1.0,1.0,False
target_swamp,11,tree,0,6,7634,1.0,1.0,False
target_swamp,12,tree,0,7,107623,0.995505,1.0,False
target_swamp,13,wood,0,8,1208,1.0,1.0,False
target_swamp,14,wood,0,9,569,1.0,1.0,False
target_swamp,15,wood,0,10,6394,1.0,1.0,False
target_swamp,16,wood,0,11,2934,1.0,1.0,False
target_swamp,17,tree,0,14,7517,1.0,1.0,False
target_swamp,18,wood,0,15,4044,1.0,1.0,False
target_swamp,19,wood,0,17,6873,1.0,1.0,False
target_swamp,20,wood,0,19,4713,1.0,1.0,False
target_swamp,21,tree,0,21,25987,1.0,1.0,False
target_temple,1,temple,1,0,141561,0.521363,1.0,False
target_temple,2,ladder,1,10,2245,0.356972,1.0,False
target_temple,3,temple,1,11,113441,0.982012,1.0,False
target_temple,4,building,1,12,15884,1.0,1.0,False
target_temple,5,rail,0,1,14886,1.0,1.0,False
target_temple,6,tree,0,3,71843,1.0,1.0,False
target_temple,7,temple,0,5,26404,1.0,1.0,False
target_temple,8,light,0,8,223,1.0,1.0,False
target_temple,9,light,0,9,223,1.0,1.0,False
target_temple,10,light,0,13,219,1.0,1.0,False
target_temple,11,rail,0,14,1140,1.0,1.0,False
target_toystore,1,shelf,1,0,32107,0.187012,1.0,False
target_toystore,2,toy,1,55,7373,0.491239,1.0,False
target_toystore,3,toy,1,54,9332,0.788709,1.0,False
target_toystore,4,toys,1,51,5585,0.90197,1.0,False
target_toystore,7,toys,1,47,2804,0.441227,1.0,False
target_toystore,8,toys,1,45,18777,0.800827,1.0,False
target_toystore,9,shelf,1,44,35604,0.340148,1.0,False
target_toystore,10,toy,1,40,65,0.033854,1.0,False
target_toystore,11,toys,1,38,9200,0.728424,1.0,False
target_toystore,12,toys,1,36,10604,0.900323,1.0,False
target_toystore,13,toys,1,35,23461,0.852817,1.0,False
target_toystore,14,toys,1,32,30461,0.967446,1.0,False
target_toystore,15,toys,1,30,15626,0.93429,1.0,False
target_toystore,16,ceiling_light,1,5,2511,0.883844,1.0,False
target_toystore,17,stuffed_animal,1,27,9370,0.705891,1.0,False
target_toystore,18,toy,1,26,3372,0.502309,1.0,False
target_toystore,19,toy,1,23,8977,0.951962,1.0,False
target_toystore,20,toy,1,21,3117,0.805218,1.0,False
target_toystore,21,toy,1,20,5435,0.886189,1.0,False
target_toystore,22,toys,1,16,7345,0.969253,1.0,False
target_toystore,23,toy,1,15,4892,0.593689,1.0,False
target_toystore,24,stuffed_animal,1,13,6651,0.800939,1.0,False
target_toystore,25,toys,1,11,8918,0.880703,1.0,False
target_toystore,26,toys,1,10,14815,1.0,1.0,False
target_toystore,27,toy,1,9,3584,0.977632,1.0,False
target_toystore,28,toy,1,6,16215,0.931415,1.0,False
target_toystore,29,toys,1,56,19319,0.883801,1.0,False
target_toystore,30,toy,0,1,4034,0.993351,1.0,False
target_toystore,31,ceiling_light,0,2,1661,1.0,1.0,False
target_toystore,32,toy,0,52,9051,1.0,1.0,False
target_toystore,33,stuffed_animal,0,49,6199,1.0,1.0,False
target_toystore,34,toy,0,46,2030,1.0,1.0,False
target_toystore,35,toy,0,43,6009,0.997013,1.0,False
target_toystore,36,ceiling_light,0,41,560,1.0,1.0,False
target_toystore,37,toy,0,39,4932,1.0,1.0,False
target_toystore,38,toy,0,37,4869,0.949123,1.0,False
target_toystore,39,toy,0,34,5558,1.0,1.0,False
target_toystore,40,stuffed_animal,0,33,4198,0.998098,1.0,False
target_toystore,41,toy,0,29,2630,1.0,1.0,False
target_toystore,42,toy,0,28,5938,1.0,1.0,False
target_toystore,43,toys,0,25,16668,1.0,1.0,False
target_toystore,44,toys,0,24,6070,1.0,1.0,False
target_toystore,45,toys,0,22,14942,1.0,1.0,False
target_toystore,46,toy,0,19,1666,1.0,1.0,False
target_toystore,47,toys,0,18,10762,1.0,1.0,False
target_toystore,48,toys,0,17,20477,1.0,1.0,False
target_toystore,49,toys,0,12,25928,0.999114,1.0,False
target_toystore,50,toys,0,8,9298,1.0,1.0,False
target_toystore,51,toys,0,4,8915,1.0,1.0,False
target_toystore,52,toys,0,3,47466,1.0,1.0,False
target_toystore,53,toy,0,53,8023,1.0,1.0,False
target_train,1,hill,1,0,7073,0.065668,1.0,False
target_train,2,railroad_crossing,1,3,18516,0.388526,1.0,False
target_train,3,building,1,5,25560,0.341876,1.0,False
target_train,4,tree,1,6,15159,0.825789,1.0,False
target_train,5,hill,1,7,23112,0.440187,1.0,False
target_train,6,dish,1,10,4058,0.344307,1.0,False
target_train,7,street,1,11,118122,0.911977,1.0,False
target_train,8,tree,1,12,25791,0.886929,1.0,False
target_train,9,building,0,1,1826,1.0,1.0,False
target_train,10,car,0,2,25578,0.972843,1.0,False
target_train,11,telephone_pole,0,8,4407,1.0,1.0,False
target_train,12,train,0,9,224308,1.0,1.0,False
target_treehouse,1,walkway,1,0,3838,0.151269,1.0,False
target_treehouse,2,tree,1,1,7339,0.771876,1.0,False
target_treehouse,3,tree,1,3,4750,0.517035,1.0,False
target_treehouse,4,tree,1,4,7340,0.529123,1.0,False
target_treehouse,5,tree,1,6,23559,0.410937,1.0,False
target_treehouse,6,walkway,1,7,20941,0.35944,1.0,False
target_treehouse,8,tree,1,10,10797,0.366908,1.0,False
target_treehouse,9,treehouse,1,12,119184,0.952215,1.0,False
target_treehouse,10,walkway,1,13,4802,0.948824,1.0,False
target_treehouse,11,tree,1,14,8510,0.61792,1.0,False
target_treehouse,12,tree,1,15,39974,0.913629,1.0,False
target_treehouse,13,tree,1,16,3880,0.526816,1.0,False
target_treehouse,14,bush,0,2,79855,1.000013,0.999987,False
target_treehouse,15,bush,0,8,257246,1.0,1.0,False
target_treehouse,16,light,0,11,245,1.0,1.0,False
target_tunnel,1,box,1,0,159,0.211718,1.0,False
target_tunnel,2,tree,1,1,14493,0.920483,1.0,False
target_tunnel,3,tree,1,7,5324,0.926074,1.0,False
target_tunnel,4,tree,1,10,9230,0.564043,1.0,False
target_tunnel,5,tree,1,12,34741,0.979613,1.0,False
target_tunnel,6,tree,1,13,4460,0.724026,1.0,False
target_tunnel,7,road,1,19,180100,0.980755,1.0,False
target_tunnel,8,box,1,20,905,0.942708,1.0,False
target_tunnel,9,tree,1,21,4588,0.924255,1.0,False
target_tunnel,10,tree,1,23,5381,0.891928,1.0,False
target_tunnel,11,tunnel,1,24,105954,0.970799,1.0,False
target_tunnel,12,tree,0,3,5574,0.839331,1.0,False
target_tunnel,13,guardrail,0,4,19108,0.983731,1.0,False
target_tunnel,14,tree,0,5,11743,1.0,1.0,False
target_tunnel,15,tree,0,6,3606,1.0,1.0,False
target_tunnel,16,tree,0,8,13956,1.0,1.0,False
target_tunnel,17,light,0,9,2715,1.0,1.0,False
target_tunnel,18,tree,0,11,5098,1.0,1.0,False
target_tunnel,19,guardrail,0,14,42798,1.0,1.0,False
target_tunnel,20,tree,0,15,7595,0.999868,1.0,False
target_tunnel,21,tunnel,0,17,19309,1.0,1.0,False
target_tunnel,22,tree,0,18,6460,1.0,1.0,False
target_tunnel,23,tree,0,22,7415,1.0,1.0,False
target_warehouse,1,shelf,1,2,2330,0.023476,1.0,False
target_warehouse,2,shelf,1,21,43,0.001581,1.0,False
target_warehouse,3,box,1,43,778,0.278853,1.0,False
target_warehouse,4,ceiling_light,1,36,567,0.901431,1.0,False
target_warehouse,6,shelf,1,34,15565,0.264239,1.0,False
target_warehouse,8,boxes,1,27,6050,0.559563,1.0,False
target_warehouse,9,dolly,1,24,1399,0.278408,1.0,False
target_warehouse,11,boxes,1,20,8185,0.766673,1.0,False
target_warehouse,12,ceiling_light,1,4,1137,1.0,1.0,False
target_warehouse,13,boxes,1,15,92436,0.405546,1.0,False
target_warehouse,15,shelf,1,13,7502,0.063578,1.0,False
target_warehouse,16,boxes,1,12,5977,0.972977,1.0,False
target_warehouse,17,boxes,1,10,6117,0.618191,1.0,False
target_warehouse,18,ceiling_light,1,9,824,0.933182,1.0,False
target_warehouse,19,shelf,1,8,70019,0.541645,1.0,False
target_warehouse,20,boxes,1,7,11353,0.576792,1.0,False
target_warehouse,21,ceiling_light,1,44,1772,0.88335,1.0,False
target_warehouse,22,ceiling_light,0,0,781,1.0,1.0,False
target_warehouse,23,boxes,0,1,24955,0.999439,1.0,False
target_warehouse,24,ceiling_light,0,41,629,0.865199,1.0,False
target_warehouse,25,boxes,0,40,10431,1.0,1.0,False
target_warehouse,26,bags,0,39,11877,1.0,1.0,False
target_warehouse,27,ceiling_light,0,38,374,1.0,1.0,False
target_warehouse,28,boxes,0,37,11471,1.0,1.0,False
target_warehouse,29,dolly,0,33,8915,1.0,1.0,False
target_warehouse,30,boxes,0,32,12392,1.0,1.0,False
target_warehouse,31,boxes,0,31,20128,1.0,1.0,False
target_warehouse,32,boxes,0,29,15975,1.0,1.0,False
target_warehouse,33,box,0,26,9523,1.0,1.0,False
target_warehouse,34,ceiling_light,0,25,1065,1.0,1.0,False
target_warehouse,35,ceiling_light,0,22,683,1.0,1.0,False
target_warehouse,36,boxes,0,19,28623,1.0,1.0,False
target_warehouse,37,boxes,0,18,4336,1.0,1.0,False
target_warehouse,38,boxes,0,17,6609,1.0,1.0,False
target_warehouse,39,ceiling_light,0,11,2013,1.0,1.0,False
target_warehouse,40,ceiling_light,0,6,1813,1.0,1.0,False
target_warehouse,41,boxes,0,5,22806,1.0,1.0,False
target_warehouse,42,boxes,0,3,10236,1.0,1.0,False
target_warehouse,43,ceiling_light,0,42,2283,1.0,1.0,False
target_waterfall,1,cliffside,1,12,163134,0.295076,1.0,False
target_waterfall,2,shore,1,4,34198,0.964846,1.0,False
target_waterfall,3,plants,1,8,119507,0.52128,1.0,False
target_waterfall,4,water,1,9,64898,0.759618,1.0,False
target_waterfall,5,shore,1,11,64088,0.620521,1.0,False
target_waterfall,6,plant,0,0,28181,0.999965,0.999965,False
target_waterfall,7,plant,0,1,14496,0.988072,1.0,False
target_waterfall,8,tree,0,2,24881,1.0,1.0,False
target_waterfall,9,plant,0,3,33600,1.0,1.0,False
target_waterfall,10,waterfall,0,5,70415,1.0,1.0,False
target_waterfall,11,plant,0,6,21608,0.564222,1.0,False
target_waterfall,12,plants,0,7,77974,1.0,1.0,False
target_waterfall,13,plant,0,10,69147,1.0,1.0,False
target_waterpark,1,tree,1,0,2693,0.507539,1.0,False
target_waterpark,2,tree,1,3,1623,0.510057,1.0,False
target_waterpark,3,slide,1,10,25298,0.265699,1.0,False
target_waterpark,4,tree,1,11,2270,0.575704,1.0,False
target_waterpark,5,slide,1,13,28417,0.636225,1.0,False
target_waterpark,6,tree,1,14,7765,0.769726,1.0,False
target_waterpark,7,water,1,15,262614,0.885334,1.0,False
target_waterpark,8,poolside,1,17,34928,0.753246,1.0,False
target_waterpark,9,tree,1,18,3613,0.813739,1.0,False
target_waterpark,10,tree,0,1,10174,1.0,1.0,False
target_waterpark,11,person,0,2,747,1.0,1.0,False
target_waterpark,12,person,0,4,709,1.0,1.0,False
target_waterpark,13,sign,0,5,805,1.0,1.0,False
target_waterpark,14,tree,0,6,8321,1.0,1.0,False
target_waterpark,15,giraffe,0,8,699,1.0,1.0,False
target_waterpark,16,slide,0,9,86799,1.0,1.0,False
target_waterpark,17,flag,0,12,484,1.0,1.0,False
target_waterpark,18,flag,0,16,385,1.0,1.0,False
target_winecellar,1,box,1,12,2869,1.0,1.0,False
target_winecellar,2,table,1,14,51383,0.510517,1.0,False
target_winecellar,3,boxes,1,19,7621,0.901573,1.0,False
target_winecellar,4,sign,1,22,9824,0.977707,1.0,False
target_winecellar,5,bottle,0,0,186,1.0,1.0,False
target_winecellar,6,ceiling_light,0,20,366,1.0,1.0,False
target_winecellar,7,chairs,0,36,79905,1.0,1.0,False
target_winecellar,8,bottle,0,35,158,1.0,1.0,False
target_winecellar,9,candle,0,34,848,1.0,1.0,False
target_winecellar,10,bottles,0,33,381,1.0,1.0,False
target_winecellar,11,bottles,0,32,339,1.0,1.0,False
target_winecellar,12,ceiling_light,0,30,637,0.998433,1.0,False
target_winecellar,13,ceiling_light,0,28,133,1.0,1.0,False
target_winecellar,14,bottles,0,27,669,1.0,1.0,False
target_winecellar,15,bottles,0,26,288,1.0,1.0,False
target_winecellar,16,bottle,0,25,1452,1.0,1.0,False
target_winecellar,17,bottle,0,24,200,1.0,1.0,False
target_winecellar,18,bottles,0,23,239,1.0,1.0,False
target_winecellar,19,ceiling_light,0,21,795,1.0,1.0,False
target_winecellar,20,bottles,0,18,1227,1.0,1.0,False
target_winecellar,21,candle,0,1,1947,1.0,1.0,False
target_winecellar,22,bottle,0,17,1819,1.0,1.0,False
target_winecellar,23,glass,0,16,1148,1.0,1.0,False
target_winecellar,24,bottle,0,15,809,1.0,1.0,False
target_winecellar,25,bottle,0,13,190,1.0,1.0,False
target_winecellar,26,bottles,0,11,1481,0.994627,1.0,False
target_winecellar,27,bottle,0,10,899,1.0,1.0,False
target_winecellar,28,bottles,0,9,916,1.0,1.0,False
target_winecellar,29,boxes,0,8,3877,1.0,1.0,False
target_winecellar,30,bottles,0,7,310,1.0,1.0,False
target_winecellar,31,bottle,0,6,732,1.0,1.0,False
target_winecellar,32,boxes,0,5,6028,1.0,1.0,False
target_winecellar,33,boxes,0,3,4731,1.0,1.0,False
target_winecellar,34,ceiling_light,0,2,279,1.0,1.0,False
target_winecellar,35,bottle,0,37,206,1.0,1.0,False
target_workshop_IDS01,1,outlet,1,3,2198,0.87015,1.0,False
target_workshop_IDS01,2,tool,1,4,7935,0.95407,1.0,False
target_workshop_IDS01,3,table,1,11,74013,0.579639,1.0,False
target_workshop_IDS01,4,tools,1,14,9054,0.768591,1.0,False
target_workshop_IDS01,5,tools,1,19,9207,0.894926,1.0,False
target_workshop_IDS01,6,tools,1,21,16007,0.955471,1.0,False
target_workshop_IDS01,7,machine,1,22,12820,0.574141,1.0,False
target_workshop_IDS01,8,tools,1,23,20768,0.976032,1.0,False
target_workshop_IDS01,9,machine,1,26,12894,0.966784,1.0,False
target_workshop_IDS01,10,tools,1,31,3566,0.649545,1.0,False
target_workshop_IDS01,11,tool,1,36,5198,0.778493,1.0,False
target_workshop_IDS01,12,tools,1,37,6081,0.886831,1.0,False
target_workshop_IDS01,13,tool,1,38,8195,0.92203,1.0,False
target_workshop_IDS01,14,funnel,1,39,2231,0.924575,1.0,False
target_workshop_IDS01,15,tool,0,0,8730,1.0,1.0,False
target_workshop_IDS01,16,tool,0,1,8929,0.934974,1.0,False
target_workshop_IDS01,17,machine,0,42,3975,1.0,1.0,False
target_workshop_IDS01,18,tools,0,40,13715,1.0,1.0,False
target_workshop_IDS01,19,tools,0,35,9905,0.999395,1.0,False
target_workshop_IDS01,20,tool,0,34,4139,1.0,1.0,False
target_workshop_IDS01,21,tools,0,33,12422,1.0,1.0,False
target_workshop_IDS01,22,tools,0,32,17901,1.0,1.0,False
target_workshop_IDS01,23,clamp,0,30,12946,0.96807,1.0,False
target_workshop_IDS01,24,tools,0,29,23320,1.0,1.0,False
target_workshop_IDS01,25,tools,0,28,12406,0.999275,1.0,False
target_workshop_IDS01,26,tape,0,27,3192,1.0,1.0,False
target_workshop_IDS01,27,tools,0,25,11312,1.0,1.0,False
target_workshop_IDS01,28,toolbox,0,24,78288,0.999974,1.0,False
target_workshop_IDS01,29,machine,0,20,20819,0.921766,1.0,False
target_workshop_IDS01,30,tool,0,18,1817,1.0,1.0,False
target_workshop_IDS01,31,outlet,0,17,3788,1.0,1.0,False
target_workshop_IDS01,32,tools,0,16,7919,1.0,1.0,False
target_workshop_IDS01,33,lamp,0,15,2079,1.0,1.0,False
target_workshop_IDS01,34,bucket,0,13,17911,1.0,1.0,False
target_workshop_IDS01,35,keyboard,0,12,20745,0.997116,1.0,False
target_workshop_IDS01,36,lamp,0,9,10352,1.0,1.0,False
target_workshop_IDS01,37,tool,0,8,920,1.0,1.0,False
target_workshop_IDS01,38,tools,0,7,9700,1.0,1.0,False
target_workshop_IDS01,39,tool,0,6,1345,1.0,1.0,False
target_workshop_IDS01,40,tape,0,2,7052,1.0,1.0,False
target_workshop_IDS01,41,tools,0,43,32172,1.0,1.0,False
